bash: cannot set terminal process group (-1): Inappropriate ioctl for device
bash: no job control in this shell
CUDA compat package should be installed for NVIDIA driver smaller than 550.163.01
Current installed NVIDIA driver version is 595.91.07
Skipping CUDA compat setup as newer NVIDIA driver is installed
2026-10-02 16:40:29,708 sagemaker-training-toolkit INFO     Imported framework sagemaker_pytorch_container.training
2026-10-02 16:40:29,730 sagemaker-training-toolkit INFO     No Neurons detected (normal if no neurons installed)
2026-10-02 16:40:29,739 sagemaker_pytorch_container.training INFO     Block until all host DNS lookups succeed.
2026-10-02 16:40:29,743 sagemaker_pytorch_container.training INFO     Invoking user training script.
2026-10-02 16:40:31,286 sagemaker-training-toolkit INFO     Installing dependencies from requirements.txt
Collecting transformers==5.18.0 (from -r requirements.txt (line 1))
Downloading transformers-5.18.0-py3-none-any.whl.metadata (32 kB)
Collecting trl==1.14.1 (from -r requirements.txt (line 2))
Downloading trl-1.14.1-py3-none-any.whl.metadata (12 kB)
Collecting peft==0.21.2 (from -r requirements.txt (line 3))
Downloading peft-0.21.2-py3-none-any.whl.metadata (15 kB)
Requirement already satisfied: accelerate>=1.4.0 in /opt/conda/lib/python3.11/site-packages (from -r requirements.txt (line 4)) (1.9.0)
Collecting datasets>=4.7.0 (from -r requirements.txt (line 5))
Downloading datasets-5.0.1-py3-none-any.whl.metadata (23 kB)
Collecting huggingface-hub<3.0,>=1.31.0 (from transformers==5.18.0->-r requirements.txt (line 1))
Downloading huggingface_hub-2.1.1-py3-none-any.whl.metadata (16 kB)
Requirement already satisfied: numpy>=1.17 in /opt/conda/lib/python3.11/site-packages (from transformers==5.18.0->-r requirements.txt (line 1)) (1.26.4)
Requirement already satisfied: packaging>=20.0 in /opt/conda/lib/python3.11/site-packages (from transformers==5.18.0->-r requirements.txt (line 1)) (24.1)
Requirement already satisfied: pyyaml>=5.1 in /opt/conda/lib/python3.11/site-packages (from transformers==5.18.0->-r requirements.txt (line 1)) (6.0.2)
Collecting regex>=2025.10.22 (from transformers==5.18.0->-r requirements.txt (line 1))
Downloading regex-2026.9.29-cp311-cp311-manylinux2014_x86_64.manylinux_2_17_x86_64.manylinux_2_28_x86_64.whl.metadata (40 kB)
Collecting tokenizers<0.24.0,>=0.23.1 (from transformers==5.18.0->-r requirements.txt (line 1))
Downloading tokenizers-0.23.2-cp310-abi3-manylinux_2_17_x86_64.manylinux2014_x86_64.whl.metadata (9.8 kB)
Requirement already satisfied: typer in /opt/conda/lib/python3.11/site-packages (from transformers==5.18.0->-r requirements.txt (line 1)) (0.16.0)
Collecting safetensors>=0.8.0 (from transformers==5.18.0->-r requirements.txt (line 1))
Downloading safetensors-0.8.0-cp310-abi3-manylinux_2_17_x86_64.manylinux2014_x86_64.whl.metadata (4.2 kB)
Requirement already satisfied: tqdm>=4.60 in /opt/conda/lib/python3.11/site-packages (from transformers==5.18.0->-r requirements.txt (line 1)) (4.66.5)
Requirement already satisfied: jinja2 in /opt/conda/lib/python3.11/site-packages (from trl==1.14.1->-r requirements.txt (line 2)) (3.1.6)
Requirement already satisfied: psutil in /opt/conda/lib/python3.11/site-packages (from peft==0.21.2->-r requirements.txt (line 3)) (7.0.0)
Requirement already satisfied: torch>=1.13.0 in /opt/conda/lib/python3.11/site-packages (from peft==0.21.2->-r requirements.txt (line 3)) (2.5.1+cu124)
Collecting click<9.0.0,>=8.4.2 (from huggingface-hub<3.0,>=1.31.0->transformers==5.18.0->-r requirements.txt (line 1))
Downloading click-8.5.0-py3-none-any.whl.metadata (2.6 kB)
Requirement already satisfied: filelock>=3.10.0 in /opt/conda/lib/python3.11/site-packages (from huggingface-hub<3.0,>=1.31.0->transformers==5.18.0->-r requirements.txt (line 1)) (3.18.0)
Requirement already satisfied: fsspec>=2023.5.0 in /opt/conda/lib/python3.11/site-packages (from huggingface-hub<3.0,>=1.31.0->transformers==5.18.0->-r requirements.txt (line 1)) (2025.7.0)
Collecting hf-xet<2.0.0,>=1.6.0 (from huggingface-hub<3.0,>=1.31.0->transformers==5.18.0->-r requirements.txt (line 1))
Downloading hf_xet-1.6.0-cp38-abi3-manylinux2014_x86_64.manylinux_2_17_x86_64.whl.metadata (4.9 kB)
Collecting httpx2<3,>=2.0.0 (from huggingface-hub<3.0,>=1.31.0->transformers==5.18.0->-r requirements.txt (line 1))
Downloading httpx2-2.13.1-py3-none-any.whl.metadata (9.8 kB)
Requirement already satisfied: typing-extensions>=4.1.0 in /opt/conda/lib/python3.11/site-packages (from huggingface-hub<3.0,>=1.31.0->transformers==5.18.0->-r requirements.txt (line 1)) (4.14.1)
Collecting anyio>=4.10 (from httpx2<3,>=2.0.0->huggingface-hub<3.0,>=1.31.0->transformers==5.18.0->-r requirements.txt (line 1))
Downloading anyio-4.15.1-py3-none-any.whl.metadata (4.7 kB)
Collecting httpcore2==2.13.1 (from httpx2<3,>=2.0.0->huggingface-hub<3.0,>=1.31.0->transformers==5.18.0->-r requirements.txt (line 1))
Downloading httpcore2-2.13.1-py3-none-any.whl.metadata (26 kB)
Collecting idna>=3.18 (from httpx2<3,>=2.0.0->huggingface-hub<3.0,>=1.31.0->transformers==5.18.0->-r requirements.txt (line 1))
Downloading idna-3.20-py3-none-any.whl.metadata (7.2 kB)
Collecting truststore>=0.10 (from httpx2<3,>=2.0.0->huggingface-hub<3.0,>=1.31.0->transformers==5.18.0->-r requirements.txt (line 1))
Downloading truststore-0.10.4-py3-none-any.whl.metadata (4.4 kB)
Requirement already satisfied: h11>=0.16 in /opt/conda/lib/python3.11/site-packages (from httpcore2==2.13.1->httpx2<3,>=2.0.0->huggingface-hub<3.0,>=1.31.0->transformers==5.18.0->-r requirements.txt (line 1)) (0.16.0)
Collecting huggingface-hub<3.0,>=1.31.0 (from transformers==5.18.0->-r requirements.txt (line 1))
Downloading huggingface_hub-1.33.0-py3-none-any.whl.metadata (16 kB)
Collecting httpx<1,>=0.23.0 (from huggingface-hub<3.0,>=1.31.0->transformers==5.18.0->-r requirements.txt (line 1))
Downloading httpx-0.28.1-py3-none-any.whl.metadata (7.1 kB)
Requirement already satisfied: certifi in /opt/conda/lib/python3.11/site-packages (from httpx<1,>=0.23.0->huggingface-hub<3.0,>=1.31.0->transformers==5.18.0->-r requirements.txt (line 1)) (2025.7.14)
Collecting httpcore==1.* (from httpx<1,>=0.23.0->huggingface-hub<3.0,>=1.31.0->transformers==5.18.0->-r requirements.txt (line 1))
Downloading httpcore-1.0.9-py3-none-any.whl.metadata (21 kB)
Requirement already satisfied: pyarrow>=21.0.0 in /opt/conda/lib/python3.11/site-packages (from datasets>=4.7.0->-r requirements.txt (line 5)) (21.0.0)
Requirement already satisfied: dill<0.4.2,>=0.3.0 in /opt/conda/lib/python3.11/site-packages (from datasets>=4.7.0->-r requirements.txt (line 5)) (0.4.0)
Requirement already satisfied: pandas in /opt/conda/lib/python3.11/site-packages (from datasets>=4.7.0->-r requirements.txt (line 5)) (2.3.1)
Requirement already satisfied: requests>=2.32.2 in /opt/conda/lib/python3.11/site-packages (from datasets>=4.7.0->-r requirements.txt (line 5)) (2.32.4)
Collecting xxhash (from datasets>=4.7.0->-r requirements.txt (line 5))
Downloading xxhash-4.0.1-cp311-cp311-manylinux2014_x86_64.manylinux_2_17_x86_64.manylinux_2_28_x86_64.whl.metadata (17 kB)
Requirement already satisfied: multiprocess<0.70.20 in /opt/conda/lib/python3.11/site-packages (from datasets>=4.7.0->-r requirements.txt (line 5)) (0.70.18)
Collecting aiohttp!=4.0.0a0,!=4.0.0a1 (from fsspec[http]<=2026.6.0,>=2023.1.0->datasets>=4.7.0->-r requirements.txt (line 5))
Downloading aiohttp-3.14.3-cp311-cp311-manylinux2014_x86_64.manylinux_2_17_x86_64.manylinux_2_28_x86_64.whl.metadata (8.3 kB)
Collecting aiohappyeyeballs>=2.5.0 (from aiohttp!=4.0.0a0,!=4.0.0a1->fsspec[http]<=2026.6.0,>=2023.1.0->datasets>=4.7.0->-r requirements.txt (line 5))
Downloading aiohappyeyeballs-2.7.1-py3-none-any.whl.metadata (5.9 kB)
Collecting aiosignal>=1.4.0 (from aiohttp!=4.0.0a0,!=4.0.0a1->fsspec[http]<=2026.6.0,>=2023.1.0->datasets>=4.7.0->-r requirements.txt (line 5))
Downloading aiosignal-1.4.0-py3-none-any.whl.metadata (3.7 kB)
Requirement already satisfied: attrs>=17.3.0 in /opt/conda/lib/python3.11/site-packages (from aiohttp!=4.0.0a0,!=4.0.0a1->fsspec[http]<=2026.6.0,>=2023.1.0->datasets>=4.7.0->-r requirements.txt (line 5)) (25.3.0)
Collecting frozenlist>=1.1.1 (from aiohttp!=4.0.0a0,!=4.0.0a1->fsspec[http]<=2026.6.0,>=2023.1.0->datasets>=4.7.0->-r requirements.txt (line 5))
Downloading frozenlist-1.8.0-cp311-cp311-manylinux1_x86_64.manylinux_2_28_x86_64.manylinux_2_5_x86_64.whl.metadata (20 kB)
Collecting multidict<7.0,>=4.5 (from aiohttp!=4.0.0a0,!=4.0.0a1->fsspec[http]<=2026.6.0,>=2023.1.0->datasets>=4.7.0->-r requirements.txt (line 5))
Downloading multidict-6.9.1-cp311-cp311-manylinux2014_x86_64.manylinux_2_17_x86_64.manylinux_2_28_x86_64.whl.metadata (5.3 kB)
Collecting propcache>=0.2.0 (from aiohttp!=4.0.0a0,!=4.0.0a1->fsspec[http]<=2026.6.0,>=2023.1.0->datasets>=4.7.0->-r requirements.txt (line 5))
Downloading propcache-0.5.4-cp311-cp311-manylinux2014_x86_64.manylinux_2_17_x86_64.manylinux_2_28_x86_64.whl.metadata (25 kB)
Collecting yarl<2.0,>=1.17.0 (from aiohttp!=4.0.0a0,!=4.0.0a1->fsspec[http]<=2026.6.0,>=2023.1.0->datasets>=4.7.0->-r requirements.txt (line 5))
Downloading yarl-1.25.1-cp311-cp311-manylinux2014_x86_64.manylinux_2_17_x86_64.manylinux_2_28_x86_64.whl.metadata (111 kB)
Collecting typing-extensions>=4.5.0 (from httpx2<3,>=2.0.0->huggingface-hub<3.0,>=1.31.0->transformers==5.18.0->-r requirements.txt (line 1))
Downloading typing_extensions-4.16.0-py3-none-any.whl.metadata (3.3 kB)
Requirement already satisfied: charset_normalizer<4,>=2 in /opt/conda/lib/python3.11/site-packages (from requests>=2.32.2->datasets>=4.7.0->-r requirements.txt (line 5)) (3.4.0)
Requirement already satisfied: urllib3<3,>=1.21.1 in /opt/conda/lib/python3.11/site-packages (from requests>=2.32.2->datasets>=4.7.0->-r requirements.txt (line 5)) (2.5.0)
Requirement already satisfied: networkx in /opt/conda/lib/python3.11/site-packages (from torch>=1.13.0->peft==0.21.2->-r requirements.txt (line 3)) (3.5)
Requirement already satisfied: sympy==1.13.1 in /opt/conda/lib/python3.11/site-packages (from torch>=1.13.0->peft==0.21.2->-r requirements.txt (line 3)) (1.13.1)
Requirement already satisfied: mpmath<1.4,>=1.1.0 in /opt/conda/lib/python3.11/site-packages (from sympy==1.13.1->torch>=1.13.0->peft==0.21.2->-r requirements.txt (line 3)) (1.3.0)
Requirement already satisfied: MarkupSafe>=2.0 in /opt/conda/lib/python3.11/site-packages (from jinja2->trl==1.14.1->-r requirements.txt (line 2)) (3.0.2)
Requirement already satisfied: python-dateutil>=2.8.2 in /opt/conda/lib/python3.11/site-packages (from pandas->datasets>=4.7.0->-r requirements.txt (line 5)) (2.9.0.post0)
Requirement already satisfied: pytz>=2020.1 in /opt/conda/lib/python3.11/site-packages (from pandas->datasets>=4.7.0->-r requirements.txt (line 5)) (2025.2)
Requirement already satisfied: tzdata>=2022.7 in /opt/conda/lib/python3.11/site-packages (from pandas->datasets>=4.7.0->-r requirements.txt (line 5)) (2025.2)
Requirement already satisfied: six>=1.5 in /opt/conda/lib/python3.11/site-packages (from python-dateutil>=2.8.2->pandas->datasets>=4.7.0->-r requirements.txt (line 5)) (1.17.0)
Requirement already satisfied: shellingham>=1.3.0 in /opt/conda/lib/python3.11/site-packages (from typer->transformers==5.18.0->-r requirements.txt (line 1)) (1.5.4)
Requirement already satisfied: rich>=10.11.0 in /opt/conda/lib/python3.11/site-packages (from typer->transformers==5.18.0->-r requirements.txt (line 1)) (14.0.0)
Requirement already satisfied: markdown-it-py>=2.2.0 in /opt/conda/lib/python3.11/site-packages (from rich>=10.11.0->typer->transformers==5.18.0->-r requirements.txt (line 1)) (3.0.0)
Requirement already satisfied: pygments<3.0.0,>=2.13.0 in /opt/conda/lib/python3.11/site-packages (from rich>=10.11.0->typer->transformers==5.18.0->-r requirements.txt (line 1)) (2.19.2)
Requirement already satisfied: mdurl~=0.1 in /opt/conda/lib/python3.11/site-packages (from markdown-it-py>=2.2.0->rich>=10.11.0->typer->transformers==5.18.0->-r requirements.txt (line 1)) (0.1.2)
Downloading transformers-5.18.0-py3-none-any.whl (12.6 MB)
━━━━━━━━━━━━━━━━━━━━━━━━━━━━━━━━━━━━━━━━ 12.6/12.6 MB 245.1 MB/s  0:00:00
Downloading trl-1.14.1-py3-none-any.whl (925 kB)
━━━━━━━━━━━━━━━━━━━━━━━━━━━━━━━━━━━━━━━━ 925.5/925.5 kB 65.0 MB/s  0:00:00
Downloading peft-0.21.2-py3-none-any.whl (835 kB)
━━━━━━━━━━━━━━━━━━━━━━━━━━━━━━━━━━━━━━━━ 835.4/835.4 kB 56.9 MB/s  0:00:00
Downloading click-8.5.0-py3-none-any.whl (125 kB)
Downloading hf_xet-1.6.0-cp38-abi3-manylinux2014_x86_64.manylinux_2_17_x86_64.whl (4.5 MB)
━━━━━━━━━━━━━━━━━━━━━━━━━━━━━━━━━━━━━━━━ 4.5/4.5 MB 181.5 MB/s  0:00:00
Downloading tokenizers-0.23.2-cp310-abi3-manylinux_2_17_x86_64.manylinux2014_x86_64.whl (3.4 MB)
━━━━━━━━━━━━━━━━━━━━━━━━━━━━━━━━━━━━━━━━ 3.4/3.4 MB 179.6 MB/s  0:00:00
Downloading huggingface_hub-1.33.0-py3-none-any.whl (846 kB)
━━━━━━━━━━━━━━━━━━━━━━━━━━━━━━━━━━━━━━━━ 846.4/846.4 kB 59.7 MB/s  0:00:00
Downloading httpx-0.28.1-py3-none-any.whl (73 kB)
Downloading httpcore-1.0.9-py3-none-any.whl (78 kB)
Downloading datasets-5.0.1-py3-none-any.whl (559 kB)
━━━━━━━━━━━━━━━━━━━━━━━━━━━━━━━━━━━━━━━━ 559.1/559.1 kB 24.3 MB/s  0:00:00
Downloading aiohttp-3.14.3-cp311-cp311-manylinux2014_x86_64.manylinux_2_17_x86_64.manylinux_2_28_x86_64.whl (1.8 MB)
━━━━━━━━━━━━━━━━━━━━━━━━━━━━━━━━━━━━━━━━ 1.8/1.8 MB 81.6 MB/s  0:00:00
Downloading multidict-6.9.1-cp311-cp311-manylinux2014_x86_64.manylinux_2_17_x86_64.manylinux_2_28_x86_64.whl (320 kB)
Downloading yarl-1.25.1-cp311-cp311-manylinux2014_x86_64.manylinux_2_17_x86_64.manylinux_2_28_x86_64.whl (117 kB)
Downloading aiohappyeyeballs-2.7.1-py3-none-any.whl (15 kB)
Downloading aiosignal-1.4.0-py3-none-any.whl (7.5 kB)
Downloading anyio-4.15.1-py3-none-any.whl (132 kB)
Downloading frozenlist-1.8.0-cp311-cp311-manylinux1_x86_64.manylinux_2_28_x86_64.manylinux_2_5_x86_64.whl (231 kB)
Downloading idna-3.20-py3-none-any.whl (69 kB)
Downloading propcache-0.5.4-cp311-cp311-manylinux2014_x86_64.manylinux_2_17_x86_64.manylinux_2_28_x86_64.whl (235 kB)
Downloading regex-2026.9.29-cp311-cp311-manylinux2014_x86_64.manylinux_2_17_x86_64.manylinux_2_28_x86_64.whl (804 kB)
━━━━━━━━━━━━━━━━━━━━━━━━━━━━━━━━━━━━━━━━ 805.0/805.0 kB 58.4 MB/s  0:00:00
Downloading safetensors-0.8.0-cp310-abi3-manylinux_2_17_x86_64.manylinux2014_x86_64.whl (516 kB)
Downloading typing_extensions-4.16.0-py3-none-any.whl (45 kB)
Downloading xxhash-4.0.1-cp311-cp311-manylinux2014_x86_64.manylinux_2_17_x86_64.manylinux_2_28_x86_64.whl (261 kB)
Installing collected packages: xxhash, typing-extensions, safetensors, regex, propcache, multidict, idna, httpcore, hf-xet, frozenlist, click, aiohappyeyeballs, yarl, anyio, aiosignal, httpx, aiohttp, huggingface-hub, tokenizers, datasets, transformers, trl, peft
Attempting uninstall: typing-extensions
Found existing installation: typing_extensions 4.14.1
Uninstalling typing_extensions-4.14.1:
Successfully uninstalled typing_extensions-4.14.1
Attempting uninstall: safetensors
Found existing installation: safetensors 0.5.3
Uninstalling safetensors-0.5.3:
Successfully uninstalled safetensors-0.5.3
Attempting uninstall: idna
Found existing installation: idna 3.10
Uninstalling idna-3.10:
Successfully uninstalled idna-3.10
Attempting uninstall: hf-xet
Found existing installation: hf-xet 1.1.5
Uninstalling hf-xet-1.1.5:
Successfully uninstalled hf-xet-1.1.5
Attempting uninstall: click
Found existing installation: click 8.2.1
Uninstalling click-8.2.1:
Successfully uninstalled click-8.2.1
Attempting uninstall: anyio
Found existing installation: anyio 4.9.0
Uninstalling anyio-4.9.0:
Successfully uninstalled anyio-4.9.0
Attempting uninstall: huggingface-hub
Found existing installation: huggingface-hub 0.33.4
Uninstalling huggingface-hub-0.33.4:
Successfully uninstalled huggingface-hub-0.33.4
Successfully installed aiohappyeyeballs-2.7.1 aiohttp-3.14.3 aiosignal-1.4.0 anyio-4.15.1 click-8.5.0 datasets-5.0.1 frozenlist-1.8.0 hf-xet-1.6.0 httpcore-1.0.9 httpx-0.28.1 huggingface-hub-1.33.0 idna-3.20 multidict-6.9.1 peft-0.21.2 propcache-0.5.4 regex-2026.9.29 safetensors-0.8.0 tokenizers-0.23.2 transformers-5.18.0 trl-1.14.1 typing-extensions-4.16.0 xxhash-4.0.1 yarl-1.25.1
WARNING: Running pip as the 'root' user can result in broken permissions and conflicting behaviour with the system package manager, possibly rendering your system unusable. It is recommended to use a virtual environment instead: https://pip.pypa.io/warnings/venv. Use the --root-user-action option if you know what you are doing and want to suppress this warning.
[notice] A new release of pip is available: 25.3 -> 26.2.1
[notice] To update, run: pip install --upgrade pip
2026-10-02 16:40:44,961 sagemaker-training-toolkit INFO     Waiting for the process to finish and give a return code.
2026-10-02 16:40:44,961 sagemaker-training-toolkit INFO     Done waiting for a return code. Received 0 from exiting process.
2026-10-02 16:40:44,984 sagemaker-training-toolkit INFO     No Neurons detected (normal if no neurons installed)
2026-10-02 16:40:45,015 sagemaker-training-toolkit INFO     No Neurons detected (normal if no neurons installed)
2026-10-02 16:40:45,046 sagemaker-training-toolkit INFO     No Neurons detected (normal if no neurons installed)
2026-10-02 16:40:45,055 sagemaker-training-toolkit INFO     Invoking user script
Training Env:
{
    "additional_framework_parameters": {},
    "channel_input_dirs": {
        "train": "/opt/ml/input/data/train"
    },
    "current_host": "algo-1",
    "current_instance_group": "homogeneousCluster",
    "current_instance_group_hosts": [
        "algo-1"
    ],
    "current_instance_type": "ml.g5.xlarge",
    "distribution_hosts": [],
    "distribution_instance_groups": [],
    "framework_module": "sagemaker_pytorch_container.training:main",
    "hosts": [
        "algo-1"
    ],
    "hyperparameters": {
        "max_train_samples": "256"
    },
    "input_config_dir": "/opt/ml/input/config",
    "input_data_config": {
        "train": {
            "TrainingInputMode": "File",
            "S3DistributionType": "FullyReplicated",
            "RecordWrapperType": "None"
        }
    },
    "input_dir": "/opt/ml/input",
    "instance_groups": [
        "homogeneousCluster"
    ],
    "instance_groups_dict": {
        "homogeneousCluster": {
            "instance_group_name": "homogeneousCluster",
            "instance_type": "ml.g5.xlarge",
            "hosts": [
                "algo-1"
            ]
        }
    },
    "is_hetero": false,
    "is_master": true,
    "is_modelparallel_enabled": null,
    "is_smddpmprun_installed": false,
    "is_smddprun_installed": true,
    "job_name": "goemotions-rl-2026-10-02-16-30-25-068",
    "log_level": 20,
    "master_hostname": "algo-1",
    "model_dir": "/opt/ml/model",
    "module_dir": "s3://stanford-train-data/goemotions-rl-2026-10-02-16-30-25-068/source/sourcedir.tar.gz",
    "module_name": "goemotions_rl",
    "network_interface_name": "eth0",
    "num_cpus": 4,
    "num_gpus": 1,
    "num_neurons": 0,
    "output_data_dir": "/opt/ml/output/data",
    "output_dir": "/opt/ml/output",
    "output_intermediate_dir": "/opt/ml/output/intermediate",
    "resource_config": {
        "current_host": "algo-1",
        "current_instance_type": "ml.g5.xlarge",
        "current_group_name": "homogeneousCluster",
        "hosts": [
            "algo-1"
        ],
        "instance_groups": [
            {
                "instance_group_name": "homogeneousCluster",
                "instance_type": "ml.g5.xlarge",
                "hosts": [
                    "algo-1"
                ]
            }
        ],
        "network_interface_name": "eth0",
        "topology": null
    },
    "user_entry_point": "goemotions_rl.py"
}
Environment variables:
SM_HOSTS=["algo-1"]
SM_NETWORK_INTERFACE_NAME=eth0
SM_HPS={"max_train_samples":"256"}
SM_USER_ENTRY_POINT=goemotions_rl.py
SM_FRAMEWORK_PARAMS={}
SM_RESOURCE_CONFIG={"current_group_name":"homogeneousCluster","current_host":"algo-1","current_instance_type":"ml.g5.xlarge","hosts":["algo-1"],"instance_groups":[{"hosts":["algo-1"],"instance_group_name":"homogeneousCluster","instance_type":"ml.g5.xlarge"}],"network_interface_name":"eth0","topology":null}
SM_INPUT_DATA_CONFIG={"train":{"RecordWrapperType":"None","S3DistributionType":"FullyReplicated","TrainingInputMode":"File"}}
SM_OUTPUT_DATA_DIR=/opt/ml/output/data
SM_CHANNELS=["train"]
SM_CURRENT_HOST=algo-1
SM_CURRENT_INSTANCE_TYPE=ml.g5.xlarge
SM_CURRENT_INSTANCE_GROUP=homogeneousCluster
SM_CURRENT_INSTANCE_GROUP_HOSTS=["algo-1"]
SM_INSTANCE_GROUPS=["homogeneousCluster"]
SM_INSTANCE_GROUPS_DICT={"homogeneousCluster":{"hosts":["algo-1"],"instance_group_name":"homogeneousCluster","instance_type":"ml.g5.xlarge"}}
SM_DISTRIBUTION_INSTANCE_GROUPS=[]
SM_IS_HETERO=false
SM_MODULE_NAME=goemotions_rl
SM_LOG_LEVEL=20
SM_FRAMEWORK_MODULE=sagemaker_pytorch_container.training:main
SM_INPUT_DIR=/opt/ml/input
SM_INPUT_CONFIG_DIR=/opt/ml/input/config
SM_OUTPUT_DIR=/opt/ml/output
SM_NUM_CPUS=4
SM_NUM_GPUS=1
SM_NUM_NEURONS=0
SM_MODEL_DIR=/opt/ml/model
SM_MODULE_DIR=s3://stanford-train-data/goemotions-rl-2026-10-02-16-30-25-068/source/sourcedir.tar.gz
SM_TRAINING_ENV={"additional_framework_parameters":{},"channel_input_dirs":{"train":"/opt/ml/input/data/train"},"current_host":"algo-1","current_instance_group":"homogeneousCluster","current_instance_group_hosts":["algo-1"],"current_instance_type":"ml.g5.xlarge","distribution_hosts":[],"distribution_instance_groups":[],"framework_module":"sagemaker_pytorch_container.training:main","hosts":["algo-1"],"hyperparameters":{"max_train_samples":"256"},"input_config_dir":"/opt/ml/input/config","input_data_config":{"train":{"RecordWrapperType":"None","S3DistributionType":"FullyReplicated","TrainingInputMode":"File"}},"input_dir":"/opt/ml/input","instance_groups":["homogeneousCluster"],"instance_groups_dict":{"homogeneousCluster":{"hosts":["algo-1"],"instance_group_name":"homogeneousCluster","instance_type":"ml.g5.xlarge"}},"is_hetero":false,"is_master":true,"is_modelparallel_enabled":null,"is_smddpmprun_installed":false,"is_smddprun_installed":true,"job_name":"goemotions-rl-2026-10-02-16-30-25-068","log_level":20,"master_hostname":"algo-1","model_dir":"/opt/ml/model","module_dir":"s3://stanford-train-data/goemotions-rl-2026-10-02-16-30-25-068/source/sourcedir.tar.gz","module_name":"goemotions_rl","network_interface_name":"eth0","num_cpus":4,"num_gpus":1,"num_neurons":0,"output_data_dir":"/opt/ml/output/data","output_dir":"/opt/ml/output","output_intermediate_dir":"/opt/ml/output/intermediate","resource_config":{"current_group_name":"homogeneousCluster","current_host":"algo-1","current_instance_type":"ml.g5.xlarge","hosts":["algo-1"],"instance_groups":[{"hosts":["algo-1"],"instance_group_name":"homogeneousCluster","instance_type":"ml.g5.xlarge"}],"network_interface_name":"eth0","topology":null},"user_entry_point":"goemotions_rl.py"}
SM_USER_ARGS=["--max_train_samples","256"]
SM_OUTPUT_INTERMEDIATE_DIR=/opt/ml/output/intermediate
SM_CHANNEL_TRAIN=/opt/ml/input/data/train
SM_HP_MAX_TRAIN_SAMPLES=256
PYTHONPATH=/opt/ml/code:/opt/conda/bin:/opt/conda/lib/python311.zip:/opt/conda/lib/python3.11:/opt/conda/lib/python3.11/lib-dynload:/opt/conda/lib/python3.11/site-packages
Invoking script with the following command:
/opt/conda/bin/python3.11 goemotions_rl.py --max_train_samples 256
2026-10-02 16:40:45,056 sagemaker-training-toolkit INFO     Exceptions not imported for SageMaker Debugger as it is not installed.
2026-10-02 16:40:45,057 sagemaker-training-toolkit INFO     Exceptions not imported for SageMaker TF as Tensorflow is not installed.
loading tokenizer + model
Warning: You are sending unauthenticated requests to the HF Hub. Please set a HF_TOKEN to enable higher rate limits and faster downloads.
Loading weights:   0%|          | 0/311 [00:00<?, ?it/s]
Loading weights: 100%|██████████| 311/311 [00:00<00:00, 3760.19it/s]
rl prompts: 256
0%|          | 0/256 [00:00<?, ?it/s]
0%|          | 1/256 [00:07<30:06,  7.08s/it]
{'loss': '0', 'grad_norm': '0', 'learning_rate': '1e-05', 'num_tokens': '568', 'completions/mean_length': '64', 'completions/min_length': '64', 'completions/max_length': '64', 'completions/clipped_ratio': '1', 'completions/mean_terminated_length': '0', 'completions/min_terminated_length': '0', 'completions/max_terminated_length': '0', 'rewards/reward_func/mean': '0', 'rewards/reward_func/std': '0', 'reward': '0', 'reward_std': '0', 'frac_reward_zero_std': '1', 'kl': '0', 'entropy': '0.3594', 'clip_ratio/low_mean': '0', 'clip_ratio/high_mean': '0', 'clip_ratio/region_mean': '0', 'clip_ratio/low_min': '0', 'clip_ratio/high_max': '0', 'step_time': '6.97', 'epoch': '0.003906'}
0%|          | 1/256 [00:07<30:06,  7.08s/it]
1%|          | 2/256 [00:12<25:12,  5.95s/it]
{'loss': '0', 'grad_norm': '0', 'learning_rate': '9.961e-06', 'num_tokens': '1112', 'completions/mean_length': '64', 'completions/min_length': '64', 'completions/max_length': '64', 'completions/clipped_ratio': '1', 'completions/mean_terminated_length': '0', 'completions/min_terminated_length': '0', 'completions/max_terminated_length': '0', 'rewards/reward_func/mean': '0', 'rewards/reward_func/std': '0', 'reward': '0', 'reward_std': '0', 'frac_reward_zero_std': '1', 'kl': '0', 'entropy': '0.394', 'clip_ratio/low_mean': '0', 'clip_ratio/high_mean': '0', 'clip_ratio/region_mean': '0', 'clip_ratio/low_min': '0', 'clip_ratio/high_max': '0', 'step_time': '5.147', 'epoch': '0.007812'}
1%|          | 2/256 [00:12<25:12,  5.95s/it]
1%|          | 3/256 [00:17<24:09,  5.73s/it]
{'loss': '0', 'grad_norm': '0', 'learning_rate': '9.922e-06', 'num_tokens': '1620', 'completions/mean_length': '64', 'completions/min_length': '64', 'completions/max_length': '64', 'completions/clipped_ratio': '1', 'completions/mean_terminated_length': '0', 'completions/min_terminated_length': '0', 'completions/max_terminated_length': '0', 'rewards/reward_func/mean': '0', 'rewards/reward_func/std': '0', 'reward': '0', 'reward_std': '0', 'frac_reward_zero_std': '1', 'kl': '0', 'entropy': '0.4001', 'clip_ratio/low_mean': '0', 'clip_ratio/high_mean': '0', 'clip_ratio/region_mean': '0', 'clip_ratio/low_min': '0', 'clip_ratio/high_max': '0', 'step_time': '5.444', 'epoch': '0.01172'}
1%|          | 3/256 [00:17<24:09,  5.73s/it]
2%|▏         | 4/256 [00:22<23:10,  5.52s/it]
{'loss': '0', 'grad_norm': '0', 'learning_rate': '9.883e-06', 'num_tokens': '2144', 'completions/mean_length': '64', 'completions/min_length': '64', 'completions/max_length': '64', 'completions/clipped_ratio': '1', 'completions/mean_terminated_length': '0', 'completions/min_terminated_length': '0', 'completions/max_terminated_length': '0', 'rewards/reward_func/mean': '0', 'rewards/reward_func/std': '0', 'reward': '0', 'reward_std': '0', 'frac_reward_zero_std': '1', 'kl': '0', 'entropy': '0.1381', 'clip_ratio/low_mean': '0', 'clip_ratio/high_mean': '0', 'clip_ratio/region_mean': '0', 'clip_ratio/low_min': '0', 'clip_ratio/high_max': '0', 'step_time': '5.178', 'epoch': '0.01562'}
2%|▏         | 4/256 [00:22<23:10,  5.52s/it]
2%|▏         | 5/256 [00:28<22:31,  5.38s/it]
{'loss': '0', 'grad_norm': '0', 'learning_rate': '9.844e-06', 'num_tokens': '2668', 'completions/mean_length': '64', 'completions/min_length': '64', 'completions/max_length': '64', 'completions/clipped_ratio': '1', 'completions/mean_terminated_length': '0', 'completions/min_terminated_length': '0', 'completions/max_terminated_length': '0', 'rewards/reward_func/mean': '0', 'rewards/reward_func/std': '0', 'reward': '0', 'reward_std': '0', 'frac_reward_zero_std': '1', 'kl': '0', 'entropy': '0.2728', 'clip_ratio/low_mean': '0', 'clip_ratio/high_mean': '0', 'clip_ratio/region_mean': '0', 'clip_ratio/low_min': '0', 'clip_ratio/high_max': '0', 'step_time': '5.13', 'epoch': '0.01953'}
2%|▏         | 5/256 [00:28<22:31,  5.38s/it]
2%|▏         | 6/256 [00:33<22:08,  5.32s/it]
{'loss': '0', 'grad_norm': '0', 'learning_rate': '9.805e-06', 'num_tokens': '3152', 'completions/mean_length': '64', 'completions/min_length': '64', 'completions/max_length': '64', 'completions/clipped_ratio': '1', 'completions/mean_terminated_length': '0', 'completions/min_terminated_length': '0', 'completions/max_terminated_length': '0', 'rewards/reward_func/mean': '0', 'rewards/reward_func/std': '0', 'reward': '0', 'reward_std': '0', 'frac_reward_zero_std': '1', 'kl': '0', 'entropy': '0.1715', 'clip_ratio/low_mean': '0', 'clip_ratio/high_mean': '0', 'clip_ratio/region_mean': '0', 'clip_ratio/low_min': '0', 'clip_ratio/high_max': '0', 'step_time': '5.165', 'epoch': '0.02344'}
2%|▏         | 6/256 [00:33<22:08,  5.32s/it]
3%|▎         | 7/256 [00:38<21:51,  5.27s/it]
{'loss': '0', 'grad_norm': '0', 'learning_rate': '9.766e-06', 'num_tokens': '3648', 'completions/mean_length': '64', 'completions/min_length': '64', 'completions/max_length': '64', 'completions/clipped_ratio': '1', 'completions/mean_terminated_length': '0', 'completions/min_terminated_length': '0', 'completions/max_terminated_length': '0', 'rewards/reward_func/mean': '0', 'rewards/reward_func/std': '0', 'reward': '0', 'reward_std': '0', 'frac_reward_zero_std': '1', 'kl': '0', 'entropy': '0.3518', 'clip_ratio/low_mean': '0', 'clip_ratio/high_mean': '0', 'clip_ratio/region_mean': '0', 'clip_ratio/low_min': '0', 'clip_ratio/high_max': '0', 'step_time': '5.148', 'epoch': '0.02734'}
3%|▎         | 7/256 [00:38<21:51,  5.27s/it]
3%|▎         | 8/256 [00:43<21:42,  5.25s/it]
{'loss': '0', 'grad_norm': '0', 'learning_rate': '9.727e-06', 'num_tokens': '4108', 'completions/mean_length': '64', 'completions/min_length': '64', 'completions/max_length': '64', 'completions/clipped_ratio': '1', 'completions/mean_terminated_length': '0', 'completions/min_terminated_length': '0', 'completions/max_terminated_length': '0', 'rewards/reward_func/mean': '0', 'rewards/reward_func/std': '0', 'reward': '0', 'reward_std': '0', 'frac_reward_zero_std': '1', 'kl': '0', 'entropy': '0.4158', 'clip_ratio/low_mean': '0', 'clip_ratio/high_mean': '0', 'clip_ratio/region_mean': '0', 'clip_ratio/low_min': '0', 'clip_ratio/high_max': '0', 'step_time': '5.206', 'epoch': '0.03125'}
3%|▎         | 8/256 [00:43<21:42,  5.25s/it]
4%|▎         | 9/256 [00:48<21:33,  5.23s/it]
{'loss': '0', 'grad_norm': '0', 'learning_rate': '9.687e-06', 'num_tokens': '4596', 'completions/mean_length': '64', 'completions/min_length': '64', 'completions/max_length': '64', 'completions/clipped_ratio': '1', 'completions/mean_terminated_length': '0', 'completions/min_terminated_length': '0', 'completions/max_terminated_length': '0', 'rewards/reward_func/mean': '0', 'rewards/reward_func/std': '0', 'reward': '0', 'reward_std': '0', 'frac_reward_zero_std': '1', 'kl': '0', 'entropy': '0.2687', 'clip_ratio/low_mean': '0', 'clip_ratio/high_mean': '0', 'clip_ratio/region_mean': '0', 'clip_ratio/low_min': '0', 'clip_ratio/high_max': '0', 'step_time': '5.179', 'epoch': '0.03516'}
4%|▎         | 9/256 [00:48<21:33,  5.23s/it]
4%|▍         | 10/256 [00:54<21:47,  5.31s/it]
{'loss': '0', 'grad_norm': '0', 'learning_rate': '9.648e-06', 'num_tokens': '5044', 'completions/mean_length': '64', 'completions/min_length': '64', 'completions/max_length': '64', 'completions/clipped_ratio': '1', 'completions/mean_terminated_length': '0', 'completions/min_terminated_length': '0', 'completions/max_terminated_length': '0', 'rewards/reward_func/mean': '0', 'rewards/reward_func/std': '0', 'reward': '0', 'reward_std': '0', 'frac_reward_zero_std': '1', 'kl': '0', 'entropy': '0.477', 'clip_ratio/low_mean': '0', 'clip_ratio/high_mean': '0', 'clip_ratio/region_mean': '0', 'clip_ratio/low_min': '0', 'clip_ratio/high_max': '0', 'step_time': '5.474', 'epoch': '0.03906'}
4%|▍         | 10/256 [00:54<21:47,  5.31s/it]
4%|▍         | 11/256 [00:59<21:33,  5.28s/it]
{'loss': '0', 'grad_norm': '0', 'learning_rate': '9.609e-06', 'num_tokens': '5480', 'completions/mean_length': '64', 'completions/min_length': '64', 'completions/max_length': '64', 'completions/clipped_ratio': '1', 'completions/mean_terminated_length': '0', 'completions/min_terminated_length': '0', 'completions/max_terminated_length': '0', 'rewards/reward_func/mean': '0', 'rewards/reward_func/std': '0', 'reward': '0', 'reward_std': '0', 'frac_reward_zero_std': '1', 'kl': '0', 'entropy': '0.4317', 'clip_ratio/low_mean': '0', 'clip_ratio/high_mean': '0', 'clip_ratio/region_mean': '0', 'clip_ratio/low_min': '0', 'clip_ratio/high_max': '0', 'step_time': '5.187', 'epoch': '0.04297'}
4%|▍         | 11/256 [00:59<21:33,  5.28s/it]
5%|▍         | 12/256 [01:04<21:42,  5.34s/it]
{'loss': '0', 'grad_norm': '0', 'learning_rate': '9.57e-06', 'num_tokens': '5988', 'completions/mean_length': '64', 'completions/min_length': '64', 'completions/max_length': '64', 'completions/clipped_ratio': '1', 'completions/mean_terminated_length': '0', 'completions/min_terminated_length': '0', 'completions/max_terminated_length': '0', 'rewards/reward_func/mean': '0', 'rewards/reward_func/std': '0', 'reward': '0', 'reward_std': '0', 'frac_reward_zero_std': '1', 'kl': '0', 'entropy': '0.3507', 'clip_ratio/low_mean': '0', 'clip_ratio/high_mean': '0', 'clip_ratio/region_mean': '0', 'clip_ratio/low_min': '0', 'clip_ratio/high_max': '0', 'step_time': '5.458', 'epoch': '0.04688'}
5%|▍         | 12/256 [01:04<21:42,  5.34s/it]
5%|▌         | 13/256 [01:10<21:25,  5.29s/it]
{'loss': '0', 'grad_norm': '0', 'learning_rate': '9.531e-06', 'num_tokens': '6488', 'completions/mean_length': '64', 'completions/min_length': '64', 'completions/max_length': '64', 'completions/clipped_ratio': '1', 'completions/mean_terminated_length': '0', 'completions/min_terminated_length': '0', 'completions/max_terminated_length': '0', 'rewards/reward_func/mean': '0', 'rewards/reward_func/std': '0', 'reward': '0', 'reward_std': '0', 'frac_reward_zero_std': '1', 'kl': '0', 'entropy': '0.3857', 'clip_ratio/low_mean': '0', 'clip_ratio/high_mean': '0', 'clip_ratio/region_mean': '0', 'clip_ratio/low_min': '0', 'clip_ratio/high_max': '0', 'step_time': '5.157', 'epoch': '0.05078'}
5%|▌         | 13/256 [01:10<21:25,  5.29s/it]
5%|▌         | 14/256 [01:15<21:11,  5.25s/it]
{'loss': '0', 'grad_norm': '0', 'learning_rate': '9.492e-06', 'num_tokens': '6948', 'completions/mean_length': '64', 'completions/min_length': '64', 'completions/max_length': '64', 'completions/clipped_ratio': '1', 'completions/mean_terminated_length': '0', 'completions/min_terminated_length': '0', 'completions/max_terminated_length': '0', 'rewards/reward_func/mean': '0', 'rewards/reward_func/std': '0', 'reward': '0', 'reward_std': '0', 'frac_reward_zero_std': '1', 'kl': '0', 'entropy': '0.367', 'clip_ratio/low_mean': '0', 'clip_ratio/high_mean': '0', 'clip_ratio/region_mean': '0', 'clip_ratio/low_min': '0', 'clip_ratio/high_max': '0', 'step_time': '5.149', 'epoch': '0.05469'}
5%|▌         | 14/256 [01:15<21:11,  5.25s/it]
6%|▌         | 15/256 [01:20<21:01,  5.24s/it]
{'loss': '0', 'grad_norm': '0', 'learning_rate': '9.453e-06', 'num_tokens': '7400', 'completions/mean_length': '64', 'completions/min_length': '64', 'completions/max_length': '64', 'completions/clipped_ratio': '1', 'completions/mean_terminated_length': '0', 'completions/min_terminated_length': '0', 'completions/max_terminated_length': '0', 'rewards/reward_func/mean': '0', 'rewards/reward_func/std': '0', 'reward': '0', 'reward_std': '0', 'frac_reward_zero_std': '1', 'kl': '0', 'entropy': '0.4635', 'clip_ratio/low_mean': '0', 'clip_ratio/high_mean': '0', 'clip_ratio/region_mean': '0', 'clip_ratio/low_min': '0', 'clip_ratio/high_max': '0', 'step_time': '5.178', 'epoch': '0.05859'}
6%|▌         | 15/256 [01:20<21:01,  5.24s/it]
6%|▋         | 16/256 [01:25<20:54,  5.23s/it]
{'loss': '0', 'grad_norm': '0', 'learning_rate': '9.414e-06', 'num_tokens': '7888', 'completions/mean_length': '64', 'completions/min_length': '64', 'completions/max_length': '64', 'completions/clipped_ratio': '1', 'completions/mean_terminated_length': '0', 'completions/min_terminated_length': '0', 'completions/max_terminated_length': '0', 'rewards/reward_func/mean': '0', 'rewards/reward_func/std': '0', 'reward': '0', 'reward_std': '0', 'frac_reward_zero_std': '1', 'kl': '0', 'entropy': '0.114', 'clip_ratio/low_mean': '0', 'clip_ratio/high_mean': '0', 'clip_ratio/region_mean': '0', 'clip_ratio/low_min': '0', 'clip_ratio/high_max': '0', 'step_time': '5.185', 'epoch': '0.0625'}
6%|▋         | 16/256 [01:25<20:54,  5.23s/it]
7%|▋         | 17/256 [01:30<20:44,  5.21s/it]
{'loss': '0', 'grad_norm': '0', 'learning_rate': '9.375e-06', 'num_tokens': '8368', 'completions/mean_length': '64', 'completions/min_length': '64', 'completions/max_length': '64', 'completions/clipped_ratio': '1', 'completions/mean_terminated_length': '0', 'completions/min_terminated_length': '0', 'completions/max_terminated_length': '0', 'rewards/reward_func/mean': '0', 'rewards/reward_func/std': '0', 'reward': '0', 'reward_std': '0', 'frac_reward_zero_std': '1', 'kl': '0', 'entropy': '0.261', 'clip_ratio/low_mean': '0', 'clip_ratio/high_mean': '0', 'clip_ratio/region_mean': '0', 'clip_ratio/low_min': '0', 'clip_ratio/high_max': '0', 'step_time': '5.147', 'epoch': '0.06641'}
7%|▋         | 17/256 [01:30<20:44,  5.21s/it]
7%|▋         | 18/256 [01:36<20:34,  5.19s/it]
{'loss': '0', 'grad_norm': '0', 'learning_rate': '9.336e-06', 'num_tokens': '8892', 'completions/mean_length': '64', 'completions/min_length': '64', 'completions/max_length': '64', 'completions/clipped_ratio': '1', 'completions/mean_terminated_length': '0', 'completions/min_terminated_length': '0', 'completions/max_terminated_length': '0', 'rewards/reward_func/mean': '0', 'rewards/reward_func/std': '0', 'reward': '0', 'reward_std': '0', 'frac_reward_zero_std': '1', 'kl': '0', 'entropy': '0.07284', 'clip_ratio/low_mean': '0', 'clip_ratio/high_mean': '0', 'clip_ratio/region_mean': '0', 'clip_ratio/low_min': '0', 'clip_ratio/high_max': '0', 'step_time': '5.125', 'epoch': '0.07031'}
7%|▋         | 18/256 [01:36<20:34,  5.19s/it]
7%|▋         | 19/256 [01:41<20:27,  5.18s/it]
{'loss': '0', 'grad_norm': '0', 'learning_rate': '9.297e-06', 'num_tokens': '9336', 'completions/mean_length': '64', 'completions/min_length': '64', 'completions/max_length': '64', 'completions/clipped_ratio': '1', 'completions/mean_terminated_length': '0', 'completions/min_terminated_length': '0', 'completions/max_terminated_length': '0', 'rewards/reward_func/mean': '0', 'rewards/reward_func/std': '0', 'reward': '0', 'reward_std': '0', 'frac_reward_zero_std': '1', 'kl': '0', 'entropy': '0.4045', 'clip_ratio/low_mean': '0', 'clip_ratio/high_mean': '0', 'clip_ratio/region_mean': '0', 'clip_ratio/low_min': '0', 'clip_ratio/high_max': '0', 'step_time': '5.139', 'epoch': '0.07422'}
7%|▋         | 19/256 [01:41<20:27,  5.18s/it]
8%|▊         | 20/256 [01:46<20:22,  5.18s/it]
{'loss': '0', 'grad_norm': '0', 'learning_rate': '9.258e-06', 'num_tokens': '9804', 'completions/mean_length': '64', 'completions/min_length': '64', 'completions/max_length': '64', 'completions/clipped_ratio': '1', 'completions/mean_terminated_length': '0', 'completions/min_terminated_length': '0', 'completions/max_terminated_length': '0', 'rewards/reward_func/mean': '0', 'rewards/reward_func/std': '0', 'reward': '0', 'reward_std': '0', 'frac_reward_zero_std': '1', 'kl': '0', 'entropy': '0.3123', 'clip_ratio/low_mean': '0', 'clip_ratio/high_mean': '0', 'clip_ratio/region_mean': '0', 'clip_ratio/low_min': '0', 'clip_ratio/high_max': '0', 'step_time': '5.156', 'epoch': '0.07812'}
8%|▊         | 20/256 [01:46<20:22,  5.18s/it]
8%|▊         | 21/256 [01:51<20:18,  5.19s/it]
{'loss': '0', 'grad_norm': '0', 'learning_rate': '9.219e-06', 'num_tokens': '1.033e+04', 'completions/mean_length': '64', 'completions/min_length': '64', 'completions/max_length': '64', 'completions/clipped_ratio': '1', 'completions/mean_terminated_length': '0', 'completions/min_terminated_length': '0', 'completions/max_terminated_length': '0', 'rewards/reward_func/mean': '0', 'rewards/reward_func/std': '0', 'reward': '0', 'reward_std': '0', 'frac_reward_zero_std': '1', 'kl': '0', 'entropy': '0.1462', 'clip_ratio/low_mean': '0', 'clip_ratio/high_mean': '0', 'clip_ratio/region_mean': '0', 'clip_ratio/low_min': '0', 'clip_ratio/high_max': '0', 'step_time': '5.182', 'epoch': '0.08203'}
8%|▊         | 21/256 [01:51<20:18,  5.19s/it]
9%|▊         | 22/256 [01:56<20:11,  5.18s/it]
{'loss': '0', 'grad_norm': '0', 'learning_rate': '9.18e-06', 'num_tokens': '1.081e+04', 'completions/mean_length': '64', 'completions/min_length': '64', 'completions/max_length': '64', 'completions/clipped_ratio': '1', 'completions/mean_terminated_length': '0', 'completions/min_terminated_length': '0', 'completions/max_terminated_length': '0', 'rewards/reward_func/mean': '0', 'rewards/reward_func/std': '0', 'reward': '0', 'reward_std': '0', 'frac_reward_zero_std': '1', 'kl': '0', 'entropy': '0.3276', 'clip_ratio/low_mean': '0', 'clip_ratio/high_mean': '0', 'clip_ratio/region_mean': '0', 'clip_ratio/low_min': '0', 'clip_ratio/high_max': '0', 'step_time': '5.145', 'epoch': '0.08594'}
9%|▊         | 22/256 [01:56<20:11,  5.18s/it]
9%|▉         | 23/256 [02:01<20:05,  5.17s/it]
{'loss': '0', 'grad_norm': '0', 'learning_rate': '9.141e-06', 'num_tokens': '1.134e+04', 'completions/mean_length': '64', 'completions/min_length': '64', 'completions/max_length': '64', 'completions/clipped_ratio': '1', 'completions/mean_terminated_length': '0', 'completions/min_terminated_length': '0', 'completions/max_terminated_length': '0', 'rewards/reward_func/mean': '0', 'rewards/reward_func/std': '0', 'reward': '0', 'reward_std': '0', 'frac_reward_zero_std': '1', 'kl': '0', 'entropy': '0.3943', 'clip_ratio/low_mean': '0', 'clip_ratio/high_mean': '0', 'clip_ratio/region_mean': '0', 'clip_ratio/low_min': '0', 'clip_ratio/high_max': '0', 'step_time': '5.148', 'epoch': '0.08984'}
9%|▉         | 23/256 [02:01<20:05,  5.17s/it]
9%|▉         | 24/256 [02:07<20:13,  5.23s/it]
{'loss': '0', 'grad_norm': '0', 'learning_rate': '9.102e-06', 'num_tokens': '1.183e+04', 'completions/mean_length': '64', 'completions/min_length': '64', 'completions/max_length': '64', 'completions/clipped_ratio': '1', 'completions/mean_terminated_length': '0', 'completions/min_terminated_length': '0', 'completions/max_terminated_length': '0', 'rewards/reward_func/mean': '0', 'rewards/reward_func/std': '0', 'reward': '0', 'reward_std': '0', 'frac_reward_zero_std': '1', 'kl': '0', 'entropy': '0.3397', 'clip_ratio/low_mean': '0', 'clip_ratio/high_mean': '0', 'clip_ratio/region_mean': '0', 'clip_ratio/low_min': '0', 'clip_ratio/high_max': '0', 'step_time': '5.348', 'epoch': '0.09375'}
9%|▉         | 24/256 [02:07<20:13,  5.23s/it]
10%|▉         | 25/256 [02:12<20:05,  5.22s/it]
{'loss': '0', 'grad_norm': '0', 'learning_rate': '9.063e-06', 'num_tokens': '1.233e+04', 'completions/mean_length': '64', 'completions/min_length': '64', 'completions/max_length': '64', 'completions/clipped_ratio': '1', 'completions/mean_terminated_length': '0', 'completions/min_terminated_length': '0', 'completions/max_terminated_length': '0', 'rewards/reward_func/mean': '0', 'rewards/reward_func/std': '0', 'reward': '0', 'reward_std': '0', 'frac_reward_zero_std': '1', 'kl': '0', 'entropy': '0.43', 'clip_ratio/low_mean': '0', 'clip_ratio/high_mean': '0', 'clip_ratio/region_mean': '0', 'clip_ratio/low_min': '0', 'clip_ratio/high_max': '0', 'step_time': '5.177', 'epoch': '0.09766'}
10%|▉         | 25/256 [02:12<20:05,  5.22s/it]
10%|█         | 26/256 [02:17<20:01,  5.22s/it]
10%|█         | 26/256 [02:17<20:01,  5.22s/it]
{'loss': '0', 'grad_norm': '0', 'learning_rate': '9.023e-06', 'num_tokens': '1.28e+04', 'completions/mean_length': '64', 'completions/min_length': '64', 'completions/max_length': '64', 'completions/clipped_ratio': '1', 'completions/mean_terminated_length': '0', 'completions/min_terminated_length': '0', 'completions/max_terminated_length': '0', 'rewards/reward_func/mean': '0', 'rewards/reward_func/std': '0', 'reward': '0', 'reward_std': '0', 'frac_reward_zero_std': '1', 'kl': '0', 'entropy': '0.207', 'clip_ratio/low_mean': '0', 'clip_ratio/high_mean': '0', 'clip_ratio/region_mean': '0', 'clip_ratio/low_min': '0', 'clip_ratio/high_max': '0', 'step_time': '5.208', 'epoch': '0.1016'}
11%|█         | 27/256 [02:22<19:54,  5.21s/it]
{'loss': '0', 'grad_norm': '0', 'learning_rate': '8.984e-06', 'num_tokens': '1.332e+04', 'completions/mean_length': '64', 'completions/min_length': '64', 'completions/max_length': '64', 'completions/clipped_ratio': '1', 'completions/mean_terminated_length': '0', 'completions/min_terminated_length': '0', 'completions/max_terminated_length': '0', 'rewards/reward_func/mean': '0', 'rewards/reward_func/std': '0', 'reward': '0', 'reward_std': '0', 'frac_reward_zero_std': '1', 'kl': '0', 'entropy': '0.1547', 'clip_ratio/low_mean': '0', 'clip_ratio/high_mean': '0', 'clip_ratio/region_mean': '0', 'clip_ratio/low_min': '0', 'clip_ratio/high_max': '0', 'step_time': '5.179', 'epoch': '0.1055'}
11%|█         | 27/256 [02:22<19:54,  5.21s/it]
11%|█         | 28/256 [02:28<19:47,  5.21s/it]
11%|█         | 28/256 [02:28<19:47,  5.21s/it]
{'loss': '0', 'grad_norm': '0', 'learning_rate': '8.945e-06', 'num_tokens': '1.381e+04', 'completions/mean_length': '64', 'completions/min_length': '64', 'completions/max_length': '64', 'completions/clipped_ratio': '1', 'completions/mean_terminated_length': '0', 'completions/min_terminated_length': '0', 'completions/max_terminated_length': '0', 'rewards/reward_func/mean': '0', 'rewards/reward_func/std': '0', 'reward': '0', 'reward_std': '0', 'frac_reward_zero_std': '1', 'kl': '0', 'entropy': '0.1763', 'clip_ratio/low_mean': '0', 'clip_ratio/high_mean': '0', 'clip_ratio/region_mean': '0', 'clip_ratio/low_min': '0', 'clip_ratio/high_max': '0', 'step_time': '5.173', 'epoch': '0.1094'}
11%|█▏        | 29/256 [02:33<19:43,  5.21s/it]
{'loss': '0', 'grad_norm': '0', 'learning_rate': '8.906e-06', 'num_tokens': '1.436e+04', 'completions/mean_length': '64', 'completions/min_length': '64', 'completions/max_length': '64', 'completions/clipped_ratio': '1', 'completions/mean_terminated_length': '0', 'completions/min_terminated_length': '0', 'completions/max_terminated_length': '0', 'rewards/reward_func/mean': '0', 'rewards/reward_func/std': '0', 'reward': '0', 'reward_std': '0', 'frac_reward_zero_std': '1', 'kl': '0', 'entropy': '0.1027', 'clip_ratio/low_mean': '0', 'clip_ratio/high_mean': '0', 'clip_ratio/region_mean': '0', 'clip_ratio/low_min': '0', 'clip_ratio/high_max': '0', 'step_time': '5.214', 'epoch': '0.1133'}
11%|█▏        | 29/256 [02:33<19:43,  5.21s/it]
12%|█▏        | 30/256 [02:38<19:37,  5.21s/it]
12%|█▏        | 30/256 [02:38<19:37,  5.21s/it]
{'loss': '0', 'grad_norm': '0', 'learning_rate': '8.867e-06', 'num_tokens': '1.489e+04', 'completions/mean_length': '64', 'completions/min_length': '64', 'completions/max_length': '64', 'completions/clipped_ratio': '1', 'completions/mean_terminated_length': '0', 'completions/min_terminated_length': '0', 'completions/max_terminated_length': '0', 'rewards/reward_func/mean': '0', 'rewards/reward_func/std': '0', 'reward': '0', 'reward_std': '0', 'frac_reward_zero_std': '1', 'kl': '0', 'entropy': '0.3437', 'clip_ratio/low_mean': '0', 'clip_ratio/high_mean': '0', 'clip_ratio/region_mean': '0', 'clip_ratio/low_min': '0', 'clip_ratio/high_max': '0', 'step_time': '5.188', 'epoch': '0.1172'}
12%|█▏        | 31/256 [02:43<19:31,  5.21s/it]
{'loss': '0', 'grad_norm': '0', 'learning_rate': '8.828e-06', 'num_tokens': '1.538e+04', 'completions/mean_length': '64', 'completions/min_length': '64', 'completions/max_length': '64', 'completions/clipped_ratio': '1', 'completions/mean_terminated_length': '0', 'completions/min_terminated_length': '0', 'completions/max_terminated_length': '0', 'rewards/reward_func/mean': '0', 'rewards/reward_func/std': '0', 'reward': '0', 'reward_std': '0', 'frac_reward_zero_std': '1', 'kl': '0', 'entropy': '0.3932', 'clip_ratio/low_mean': '0', 'clip_ratio/high_mean': '0', 'clip_ratio/region_mean': '0', 'clip_ratio/low_min': '0', 'clip_ratio/high_max': '0', 'step_time': '5.18', 'epoch': '0.1211'}
12%|█▏        | 31/256 [02:43<19:31,  5.21s/it]
12%|█▎        | 32/256 [02:48<19:23,  5.19s/it]
{'loss': '0', 'grad_norm': '0', 'learning_rate': '8.789e-06', 'num_tokens': '1.586e+04', 'completions/mean_length': '64', 'completions/min_length': '64', 'completions/max_length': '64', 'completions/clipped_ratio': '1', 'completions/mean_terminated_length': '0', 'completions/min_terminated_length': '0', 'completions/max_terminated_length': '0', 'rewards/reward_func/mean': '0', 'rewards/reward_func/std': '0', 'reward': '0', 'reward_std': '0', 'frac_reward_zero_std': '1', 'kl': '0', 'entropy': '0.1468', 'clip_ratio/low_mean': '0', 'clip_ratio/high_mean': '0', 'clip_ratio/region_mean': '0', 'clip_ratio/low_min': '0', 'clip_ratio/high_max': '0', 'step_time': '5.14', 'epoch': '0.125'}
12%|█▎        | 32/256 [02:48<19:23,  5.19s/it]
13%|█▎        | 33/256 [02:54<19:16,  5.19s/it]
{'loss': '0', 'grad_norm': '0', 'learning_rate': '8.75e-06', 'num_tokens': '1.637e+04', 'completions/mean_length': '64', 'completions/min_length': '64', 'completions/max_length': '64', 'completions/clipped_ratio': '1', 'completions/mean_terminated_length': '0', 'completions/min_terminated_length': '0', 'completions/max_terminated_length': '0', 'rewards/reward_func/mean': '0', 'rewards/reward_func/std': '0', 'reward': '0', 'reward_std': '0', 'frac_reward_zero_std': '1', 'kl': '0', 'entropy': '0.355', 'clip_ratio/low_mean': '0', 'clip_ratio/high_mean': '0', 'clip_ratio/region_mean': '0', 'clip_ratio/low_min': '0', 'clip_ratio/high_max': '0', 'step_time': '5.153', 'epoch': '0.1289'}
13%|█▎        | 33/256 [02:54<19:16,  5.19s/it]
13%|█▎        | 34/256 [02:59<19:09,  5.18s/it]
{'loss': '0', 'grad_norm': '0', 'learning_rate': '8.711e-06', 'num_tokens': '1.686e+04', 'completions/mean_length': '64', 'completions/min_length': '64', 'completions/max_length': '64', 'completions/clipped_ratio': '1', 'completions/mean_terminated_length': '0', 'completions/min_terminated_length': '0', 'completions/max_terminated_length': '0', 'rewards/reward_func/mean': '0', 'rewards/reward_func/std': '0', 'reward': '0', 'reward_std': '0', 'frac_reward_zero_std': '1', 'kl': '0', 'entropy': '0.2677', 'clip_ratio/low_mean': '0', 'clip_ratio/high_mean': '0', 'clip_ratio/region_mean': '0', 'clip_ratio/low_min': '0', 'clip_ratio/high_max': '0', 'step_time': '5.149', 'epoch': '0.1328'}
13%|█▎        | 34/256 [02:59<19:09,  5.18s/it]
14%|█▎        | 35/256 [03:04<19:05,  5.18s/it]
14%|█▎        | 35/256 [03:04<19:05,  5.18s/it]
{'loss': '0', 'grad_norm': '0', 'learning_rate': '8.672e-06', 'num_tokens': '1.738e+04', 'completions/mean_length': '64', 'completions/min_length': '64', 'completions/max_length': '64', 'completions/clipped_ratio': '1', 'completions/mean_terminated_length': '0', 'completions/min_terminated_length': '0', 'completions/max_terminated_length': '0', 'rewards/reward_func/mean': '0', 'rewards/reward_func/std': '0', 'reward': '0', 'reward_std': '0', 'frac_reward_zero_std': '1', 'kl': '0', 'entropy': '0.1755', 'clip_ratio/low_mean': '0', 'clip_ratio/high_mean': '0', 'clip_ratio/region_mean': '0', 'clip_ratio/low_min': '0', 'clip_ratio/high_max': '0', 'step_time': '5.177', 'epoch': '0.1367'}
14%|█▍        | 36/256 [03:09<19:12,  5.24s/it]
{'loss': '0', 'grad_norm': '0', 'learning_rate': '8.633e-06', 'num_tokens': '1.782e+04', 'completions/mean_length': '64', 'completions/min_length': '64', 'completions/max_length': '64', 'completions/clipped_ratio': '1', 'completions/mean_terminated_length': '0', 'completions/min_terminated_length': '0', 'completions/max_terminated_length': '0', 'rewards/reward_func/mean': '0', 'rewards/reward_func/std': '0', 'reward': '0', 'reward_std': '0', 'frac_reward_zero_std': '1', 'kl': '0', 'entropy': '0.2793', 'clip_ratio/low_mean': '0', 'clip_ratio/high_mean': '0', 'clip_ratio/region_mean': '0', 'clip_ratio/low_min': '0', 'clip_ratio/high_max': '0', 'step_time': '5.347', 'epoch': '0.1406'}
14%|█▍        | 36/256 [03:09<19:12,  5.24s/it]
14%|█▍        | 37/256 [03:14<19:02,  5.22s/it]
{'loss': '0', 'grad_norm': '0', 'learning_rate': '8.594e-06', 'num_tokens': '1.832e+04', 'completions/mean_length': '64', 'completions/min_length': '64', 'completions/max_length': '64', 'completions/clipped_ratio': '1', 'completions/mean_terminated_length': '0', 'completions/min_terminated_length': '0', 'completions/max_terminated_length': '0', 'rewards/reward_func/mean': '0', 'rewards/reward_func/std': '0', 'reward': '0', 'reward_std': '0', 'frac_reward_zero_std': '1', 'kl': '0', 'entropy': '0.3853', 'clip_ratio/low_mean': '0', 'clip_ratio/high_mean': '0', 'clip_ratio/region_mean': '0', 'clip_ratio/low_min': '0', 'clip_ratio/high_max': '0', 'step_time': '5.15', 'epoch': '0.1445'}
14%|█▍        | 37/256 [03:14<19:02,  5.22s/it]
15%|█▍        | 38/256 [03:20<18:59,  5.23s/it]
{'loss': '-1.49e-08', 'grad_norm': '2.967', 'learning_rate': '8.555e-06', 'num_tokens': '1.879e+04', 'completions/mean_length': '64', 'completions/min_length': '64', 'completions/max_length': '64', 'completions/clipped_ratio': '1', 'completions/mean_terminated_length': '0', 'completions/min_terminated_length': '0', 'completions/max_terminated_length': '0', 'rewards/reward_func/mean': '0.25', 'rewards/reward_func/std': '0.5', 'reward': '0.25', 'reward_std': '0.5', 'frac_reward_zero_std': '0', 'kl': '0', 'entropy': '0.39', 'clip_ratio/low_mean': '0', 'clip_ratio/high_mean': '0', 'clip_ratio/region_mean': '0', 'clip_ratio/low_min': '0', 'clip_ratio/high_max': '0', 'step_time': '5.23', 'epoch': '0.1484'}
15%|█▍        | 38/256 [03:20<18:59,  5.23s/it]
15%|█▌        | 39/256 [03:25<18:53,  5.22s/it]
{'loss': '3.604e-05', 'grad_norm': '0.01307', 'learning_rate': '8.516e-06', 'num_tokens': '1.925e+04', 'completions/mean_length': '64', 'completions/min_length': '64', 'completions/max_length': '64', 'completions/clipped_ratio': '1', 'completions/mean_terminated_length': '0', 'completions/min_terminated_length': '0', 'completions/max_terminated_length': '0', 'rewards/reward_func/mean': '0', 'rewards/reward_func/std': '0', 'reward': '0', 'reward_std': '0', 'frac_reward_zero_std': '1', 'kl': '0.000901', 'entropy': '0.3045', 'clip_ratio/low_mean': '0', 'clip_ratio/high_mean': '0', 'clip_ratio/region_mean': '0', 'clip_ratio/low_min': '0', 'clip_ratio/high_max': '0', 'step_time': '5.194', 'epoch': '0.1523'}
15%|█▌        | 39/256 [03:25<18:53,  5.22s/it]
16%|█▌        | 40/256 [03:30<18:46,  5.21s/it]
{'loss': '2.173e-05', 'grad_norm': '0.02113', 'learning_rate': '8.477e-06', 'num_tokens': '1.976e+04', 'completions/mean_length': '64', 'completions/min_length': '64', 'completions/max_length': '64', 'completions/clipped_ratio': '1', 'completions/mean_terminated_length': '0', 'completions/min_terminated_length': '0', 'completions/max_terminated_length': '0', 'rewards/reward_func/mean': '0', 'rewards/reward_func/std': '0', 'reward': '0', 'reward_std': '0', 'frac_reward_zero_std': '1', 'kl': '0.0005432', 'entropy': '0.1227', 'clip_ratio/low_mean': '0', 'clip_ratio/high_mean': '0', 'clip_ratio/region_mean': '0', 'clip_ratio/low_min': '0', 'clip_ratio/high_max': '0', 'step_time': '5.179', 'epoch': '0.1562'}
16%|█▌        | 40/256 [03:30<18:46,  5.21s/it]
16%|█▌        | 41/256 [03:35<18:40,  5.21s/it]
{'loss': '3.22e-05', 'grad_norm': '0.01083', 'learning_rate': '8.438e-06', 'num_tokens': '2.027e+04', 'completions/mean_length': '64', 'completions/min_length': '64', 'completions/max_length': '64', 'completions/clipped_ratio': '1', 'completions/mean_terminated_length': '0', 'completions/min_terminated_length': '0', 'completions/max_terminated_length': '0', 'rewards/reward_func/mean': '0', 'rewards/reward_func/std': '0', 'reward': '0', 'reward_std': '0', 'frac_reward_zero_std': '1', 'kl': '0.0008051', 'entropy': '0.2447', 'clip_ratio/low_mean': '0', 'clip_ratio/high_mean': '0', 'clip_ratio/region_mean': '0', 'clip_ratio/low_min': '0', 'clip_ratio/high_max': '0', 'step_time': '5.187', 'epoch': '0.1602'}
16%|█▌        | 41/256 [03:35<18:40,  5.21s/it]
16%|█▋        | 42/256 [03:40<18:34,  5.21s/it]
{'loss': '6.801e-06', 'grad_norm': '0.004936', 'learning_rate': '8.398e-06', 'num_tokens': '2.08e+04', 'completions/mean_length': '64', 'completions/min_length': '64', 'completions/max_length': '64', 'completions/clipped_ratio': '1', 'completions/mean_terminated_length': '0', 'completions/min_terminated_length': '0', 'completions/max_terminated_length': '0', 'rewards/reward_func/mean': '0', 'rewards/reward_func/std': '0', 'reward': '0', 'reward_std': '0', 'frac_reward_zero_std': '1', 'kl': '0.00017', 'entropy': '0.07824', 'clip_ratio/low_mean': '0', 'clip_ratio/high_mean': '0', 'clip_ratio/region_mean': '0', 'clip_ratio/low_min': '0', 'clip_ratio/high_max': '0', 'step_time': '5.18', 'epoch': '0.1641'}
16%|█▋        | 42/256 [03:40<18:34,  5.21s/it]
17%|█▋        | 43/256 [03:46<18:28,  5.21s/it]
{'loss': '6.455e-05', 'grad_norm': '0.01879', 'learning_rate': '8.359e-06', 'num_tokens': '2.129e+04', 'completions/mean_length': '64', 'completions/min_length': '64', 'completions/max_length': '64', 'completions/clipped_ratio': '1', 'completions/mean_terminated_length': '0', 'completions/min_terminated_length': '0', 'completions/max_terminated_length': '0', 'rewards/reward_func/mean': '0', 'rewards/reward_func/std': '0', 'reward': '0', 'reward_std': '0', 'frac_reward_zero_std': '1', 'kl': '0.001614', 'entropy': '0.3915', 'clip_ratio/low_mean': '0', 'clip_ratio/high_mean': '0', 'clip_ratio/region_mean': '0', 'clip_ratio/low_min': '0', 'clip_ratio/high_max': '0', 'step_time': '5.189', 'epoch': '0.168'}
17%|█▋        | 43/256 [03:46<18:28,  5.21s/it]
17%|█▋        | 44/256 [03:51<18:20,  5.19s/it]
{'loss': '5.11e-05', 'grad_norm': '0.01552', 'learning_rate': '8.32e-06', 'num_tokens': '2.175e+04', 'completions/mean_length': '64', 'completions/min_length': '64', 'completions/max_length': '64', 'completions/clipped_ratio': '1', 'completions/mean_terminated_length': '0', 'completions/min_terminated_length': '0', 'completions/max_terminated_length': '0', 'rewards/reward_func/mean': '0', 'rewards/reward_func/std': '0', 'reward': '0', 'reward_std': '0', 'frac_reward_zero_std': '1', 'kl': '0.001277', 'entropy': '0.3867', 'clip_ratio/low_mean': '0', 'clip_ratio/high_mean': '0', 'clip_ratio/region_mean': '0', 'clip_ratio/low_min': '0', 'clip_ratio/high_max': '0', 'step_time': '5.131', 'epoch': '0.1719'}
17%|█▋        | 44/256 [03:51<18:20,  5.19s/it]
18%|█▊        | 45/256 [03:56<18:12,  5.18s/it]
{'loss': '8.388e-05', 'grad_norm': '0.02832', 'learning_rate': '8.281e-06', 'num_tokens': '2.222e+04', 'completions/mean_length': '64', 'completions/min_length': '64', 'completions/max_length': '64', 'completions/clipped_ratio': '1', 'completions/mean_terminated_length': '0', 'completions/min_terminated_length': '0', 'completions/max_terminated_length': '0', 'rewards/reward_func/mean': '0', 'rewards/reward_func/std': '0', 'reward': '0', 'reward_std': '0', 'frac_reward_zero_std': '1', 'kl': '0.002097', 'entropy': '0.4391', 'clip_ratio/low_mean': '0', 'clip_ratio/high_mean': '0', 'clip_ratio/region_mean': '0', 'clip_ratio/low_min': '0', 'clip_ratio/high_max': '0', 'step_time': '5.137', 'epoch': '0.1758'}
18%|█▊        | 45/256 [03:56<18:12,  5.18s/it]
18%|█▊        | 46/256 [04:01<18:21,  5.25s/it]
{'loss': '2.719e-05', 'grad_norm': '0.01128', 'learning_rate': '8.242e-06', 'num_tokens': '2.271e+04', 'completions/mean_length': '64', 'completions/min_length': '64', 'completions/max_length': '64', 'completions/clipped_ratio': '1', 'completions/mean_terminated_length': '0', 'completions/min_terminated_length': '0', 'completions/max_terminated_length': '0', 'rewards/reward_func/mean': '0', 'rewards/reward_func/std': '0', 'reward': '0', 'reward_std': '0', 'frac_reward_zero_std': '1', 'kl': '0.0006798', 'entropy': '0.2106', 'clip_ratio/low_mean': '0', 'clip_ratio/high_mean': '0', 'clip_ratio/region_mean': '0', 'clip_ratio/low_min': '0', 'clip_ratio/high_max': '0', 'step_time': '5.385', 'epoch': '0.1797'}
18%|█▊        | 46/256 [04:01<18:21,  5.25s/it]
18%|█▊        | 47/256 [04:07<18:13,  5.23s/it]
{'loss': '0.0001429', 'grad_norm': '0.08791', 'learning_rate': '8.203e-06', 'num_tokens': '2.315e+04', 'completions/mean_length': '64', 'completions/min_length': '64', 'completions/max_length': '64', 'completions/clipped_ratio': '1', 'completions/mean_terminated_length': '0', 'completions/min_terminated_length': '0', 'completions/max_terminated_length': '0', 'rewards/reward_func/mean': '0', 'rewards/reward_func/std': '0', 'reward': '0', 'reward_std': '0', 'frac_reward_zero_std': '1', 'kl': '0.003573', 'entropy': '0.4869', 'clip_ratio/low_mean': '0', 'clip_ratio/high_mean': '0', 'clip_ratio/region_mean': '0', 'clip_ratio/low_min': '0', 'clip_ratio/high_max': '0', 'step_time': '5.187', 'epoch': '0.1836'}
18%|█▊        | 47/256 [04:07<18:13,  5.23s/it]
19%|█▉        | 48/256 [04:12<18:05,  5.22s/it]
{'loss': '6.001e-05', 'grad_norm': '0.02489', 'learning_rate': '8.164e-06', 'num_tokens': '2.359e+04', 'completions/mean_length': '64', 'completions/min_length': '64', 'completions/max_length': '64', 'completions/clipped_ratio': '1', 'completions/mean_terminated_length': '0', 'completions/min_terminated_length': '0', 'completions/max_terminated_length': '0', 'rewards/reward_func/mean': '0', 'rewards/reward_func/std': '0', 'reward': '0', 'reward_std': '0', 'frac_reward_zero_std': '1', 'kl': '0.0015', 'entropy': '0.4094', 'clip_ratio/low_mean': '0', 'clip_ratio/high_mean': '0', 'clip_ratio/region_mean': '0', 'clip_ratio/low_min': '0', 'clip_ratio/high_max': '0', 'step_time': '5.168', 'epoch': '0.1875'}
19%|█▉        | 48/256 [04:12<18:05,  5.22s/it]
19%|█▉        | 49/256 [04:17<17:58,  5.21s/it]
{'loss': '0.0002425', 'grad_norm': '0.1182', 'learning_rate': '8.125e-06', 'num_tokens': '2.402e+04', 'completions/mean_length': '64', 'completions/min_length': '64', 'completions/max_length': '64', 'completions/clipped_ratio': '1', 'completions/mean_terminated_length': '0', 'completions/min_terminated_length': '0', 'completions/max_terminated_length': '0', 'rewards/reward_func/mean': '0', 'rewards/reward_func/std': '0', 'reward': '0', 'reward_std': '0', 'frac_reward_zero_std': '1', 'kl': '0.006063', 'entropy': '0.5495', 'clip_ratio/low_mean': '0', 'clip_ratio/high_mean': '0', 'clip_ratio/region_mean': '0', 'clip_ratio/low_min': '0', 'clip_ratio/high_max': '0', 'step_time': '5.175', 'epoch': '0.1914'}
19%|█▉        | 49/256 [04:17<17:58,  5.21s/it]
20%|█▉        | 50/256 [04:22<17:53,  5.21s/it]
{'loss': '1.175e-05', 'grad_norm': '0.006847', 'learning_rate': '8.086e-06', 'num_tokens': '2.452e+04', 'completions/mean_length': '64', 'completions/min_length': '64', 'completions/max_length': '64', 'completions/clipped_ratio': '1', 'completions/mean_terminated_length': '0', 'completions/min_terminated_length': '0', 'completions/max_terminated_length': '0', 'rewards/reward_func/mean': '0', 'rewards/reward_func/std': '0', 'reward': '0', 'reward_std': '0', 'frac_reward_zero_std': '1', 'kl': '0.0002938', 'entropy': '0.1389', 'clip_ratio/low_mean': '0', 'clip_ratio/high_mean': '0', 'clip_ratio/region_mean': '0', 'clip_ratio/low_min': '0', 'clip_ratio/high_max': '0', 'step_time': '5.189', 'epoch': '0.1953'}
20%|█▉        | 50/256 [04:22<17:53,  5.21s/it]
20%|█▉        | 51/256 [04:27<17:47,  5.21s/it]
{'loss': '3.96e-05', 'grad_norm': '0.0125', 'learning_rate': '8.047e-06', 'num_tokens': '2.499e+04', 'completions/mean_length': '64', 'completions/min_length': '64', 'completions/max_length': '64', 'completions/clipped_ratio': '1', 'completions/mean_terminated_length': '0', 'completions/min_terminated_length': '0', 'completions/max_terminated_length': '0', 'rewards/reward_func/mean': '0', 'rewards/reward_func/std': '0', 'reward': '0', 'reward_std': '0', 'frac_reward_zero_std': '1', 'kl': '0.00099', 'entropy': '0.2297', 'clip_ratio/low_mean': '0', 'clip_ratio/high_mean': '0', 'clip_ratio/region_mean': '0', 'clip_ratio/low_min': '0', 'clip_ratio/high_max': '0', 'step_time': '5.187', 'epoch': '0.1992'}
20%|█▉        | 51/256 [04:27<17:47,  5.21s/it]
20%|██        | 52/256 [04:33<17:40,  5.20s/it]
{'loss': '4.584e-05', 'grad_norm': '0.01647', 'learning_rate': '8.008e-06', 'num_tokens': '2.551e+04', 'completions/mean_length': '64', 'completions/min_length': '64', 'completions/max_length': '64', 'completions/clipped_ratio': '1', 'completions/mean_terminated_length': '0', 'completions/min_terminated_length': '0', 'completions/max_terminated_length': '0', 'rewards/reward_func/mean': '0', 'rewards/reward_func/std': '0', 'reward': '0', 'reward_std': '0', 'frac_reward_zero_std': '1', 'kl': '0.001146', 'entropy': '0.3275', 'clip_ratio/low_mean': '0', 'clip_ratio/high_mean': '0', 'clip_ratio/region_mean': '0', 'clip_ratio/low_min': '0', 'clip_ratio/high_max': '0', 'step_time': '5.167', 'epoch': '0.2031'}
20%|██        | 52/256 [04:33<17:40,  5.20s/it]
21%|██        | 53/256 [04:38<17:34,  5.20s/it]
{'loss': '0.0001378', 'grad_norm': '0.03666', 'learning_rate': '7.969e-06', 'num_tokens': '2.599e+04', 'completions/mean_length': '64', 'completions/min_length': '64', 'completions/max_length': '64', 'completions/clipped_ratio': '1', 'completions/mean_terminated_length': '0', 'completions/min_terminated_length': '0', 'completions/max_terminated_length': '0', 'rewards/reward_func/mean': '0', 'rewards/reward_func/std': '0', 'reward': '0', 'reward_std': '0', 'frac_reward_zero_std': '1', 'kl': '0.003444', 'entropy': '0.3075', 'clip_ratio/low_mean': '0', 'clip_ratio/high_mean': '0', 'clip_ratio/region_mean': '0', 'clip_ratio/low_min': '0', 'clip_ratio/high_max': '0', 'step_time': '5.167', 'epoch': '0.207'}
21%|██        | 53/256 [04:38<17:34,  5.20s/it]
21%|██        | 54/256 [04:43<17:27,  5.18s/it]
{'loss': '3.406e-05', 'grad_norm': '0.009768', 'learning_rate': '7.93e-06', 'num_tokens': '2.648e+04', 'completions/mean_length': '64', 'completions/min_length': '64', 'completions/max_length': '64', 'completions/clipped_ratio': '1', 'completions/mean_terminated_length': '0', 'completions/min_terminated_length': '0', 'completions/max_terminated_length': '0', 'rewards/reward_func/mean': '0', 'rewards/reward_func/std': '0', 'reward': '0', 'reward_std': '0', 'frac_reward_zero_std': '1', 'kl': '0.0008516', 'entropy': '0.2214', 'clip_ratio/low_mean': '0', 'clip_ratio/high_mean': '0', 'clip_ratio/region_mean': '0', 'clip_ratio/low_min': '0', 'clip_ratio/high_max': '0', 'step_time': '5.138', 'epoch': '0.2109'}
21%|██        | 54/256 [04:43<17:27,  5.18s/it]
21%|██▏       | 55/256 [04:48<17:24,  5.20s/it]
{'loss': '3.884e-05', 'grad_norm': '0.01233', 'learning_rate': '7.891e-06', 'num_tokens': '2.698e+04', 'completions/mean_length': '64', 'completions/min_length': '64', 'completions/max_length': '64', 'completions/clipped_ratio': '1', 'completions/mean_terminated_length': '0', 'completions/min_terminated_length': '0', 'completions/max_terminated_length': '0', 'rewards/reward_func/mean': '0', 'rewards/reward_func/std': '0', 'reward': '0', 'reward_std': '0', 'frac_reward_zero_std': '1', 'kl': '0.0009709', 'entropy': '0.3282', 'clip_ratio/low_mean': '0', 'clip_ratio/high_mean': '0', 'clip_ratio/region_mean': '0', 'clip_ratio/low_min': '0', 'clip_ratio/high_max': '0', 'step_time': '5.206', 'epoch': '0.2148'}
21%|██▏       | 55/256 [04:48<17:24,  5.20s/it]
22%|██▏       | 56/256 [04:53<17:21,  5.21s/it]
{'loss': '0.0001127', 'grad_norm': '0.03221', 'learning_rate': '7.852e-06', 'num_tokens': '2.747e+04', 'completions/mean_length': '64', 'completions/min_length': '64', 'completions/max_length': '64', 'completions/clipped_ratio': '1', 'completions/mean_terminated_length': '0', 'completions/min_terminated_length': '0', 'completions/max_terminated_length': '0', 'rewards/reward_func/mean': '0', 'rewards/reward_func/std': '0', 'reward': '0', 'reward_std': '0', 'frac_reward_zero_std': '1', 'kl': '0.002818', 'entropy': '0.4663', 'clip_ratio/low_mean': '0', 'clip_ratio/high_mean': '0', 'clip_ratio/region_mean': '0', 'clip_ratio/low_min': '0', 'clip_ratio/high_max': '0', 'step_time': '5.214', 'epoch': '0.2188'}
22%|██▏       | 56/256 [04:53<17:21,  5.21s/it]
22%|██▏       | 57/256 [04:59<17:13,  5.19s/it]
{'loss': '8.787e-05', 'grad_norm': '0.02126', 'learning_rate': '7.813e-06', 'num_tokens': '2.792e+04', 'completions/mean_length': '64', 'completions/min_length': '64', 'completions/max_length': '64', 'completions/clipped_ratio': '1', 'completions/mean_terminated_length': '0', 'completions/min_terminated_length': '0', 'completions/max_terminated_length': '0', 'rewards/reward_func/mean': '0', 'rewards/reward_func/std': '0', 'reward': '0', 'reward_std': '0', 'frac_reward_zero_std': '1', 'kl': '0.002197', 'entropy': '0.4321', 'clip_ratio/low_mean': '0', 'clip_ratio/high_mean': '0', 'clip_ratio/region_mean': '0', 'clip_ratio/low_min': '0', 'clip_ratio/high_max': '0', 'step_time': '5.148', 'epoch': '0.2227'}
22%|██▏       | 57/256 [04:59<17:13,  5.19s/it]
23%|██▎       | 58/256 [05:04<17:08,  5.19s/it]
{'loss': '3.2e-05', 'grad_norm': '0.02171', 'learning_rate': '7.773e-06', 'num_tokens': '2.838e+04', 'completions/mean_length': '64', 'completions/min_length': '64', 'completions/max_length': '64', 'completions/clipped_ratio': '1', 'completions/mean_terminated_length': '0', 'completions/min_terminated_length': '0', 'completions/max_terminated_length': '0', 'rewards/reward_func/mean': '0', 'rewards/reward_func/std': '0', 'reward': '0', 'reward_std': '0', 'frac_reward_zero_std': '1', 'kl': '0.0008001', 'entropy': '0.2645', 'clip_ratio/low_mean': '0', 'clip_ratio/high_mean': '0', 'clip_ratio/region_mean': '0', 'clip_ratio/low_min': '0', 'clip_ratio/high_max': '0', 'step_time': '5.177', 'epoch': '0.2266'}
23%|██▎       | 58/256 [05:04<17:08,  5.19s/it]
23%|██▎       | 59/256 [05:09<17:14,  5.25s/it]
{'loss': '8.933e-05', 'grad_norm': '0.02481', 'learning_rate': '7.734e-06', 'num_tokens': '2.884e+04', 'completions/mean_length': '64', 'completions/min_length': '64', 'completions/max_length': '64', 'completions/clipped_ratio': '1', 'completions/mean_terminated_length': '0', 'completions/min_terminated_length': '0', 'completions/max_terminated_length': '0', 'rewards/reward_func/mean': '0', 'rewards/reward_func/std': '0', 'reward': '0', 'reward_std': '0', 'frac_reward_zero_std': '1', 'kl': '0.002233', 'entropy': '0.3677', 'clip_ratio/low_mean': '0', 'clip_ratio/high_mean': '0', 'clip_ratio/region_mean': '0', 'clip_ratio/low_min': '0', 'clip_ratio/high_max': '0', 'step_time': '5.369', 'epoch': '0.2305'}
23%|██▎       | 59/256 [05:09<17:14,  5.25s/it]
23%|██▎       | 60/256 [05:14<17:03,  5.22s/it]
{'loss': '1.814e-05', 'grad_norm': '0.008662', 'learning_rate': '7.695e-06', 'num_tokens': '2.94e+04', 'completions/mean_length': '64', 'completions/min_length': '64', 'completions/max_length': '64', 'completions/clipped_ratio': '1', 'completions/mean_terminated_length': '0', 'completions/min_terminated_length': '0', 'completions/max_terminated_length': '0', 'rewards/reward_func/mean': '0', 'rewards/reward_func/std': '0', 'reward': '0', 'reward_std': '0', 'frac_reward_zero_std': '1', 'kl': '0.0004534', 'entropy': '0.1397', 'clip_ratio/low_mean': '0', 'clip_ratio/high_mean': '0', 'clip_ratio/region_mean': '0', 'clip_ratio/low_min': '0', 'clip_ratio/high_max': '0', 'step_time': '5.129', 'epoch': '0.2344'}
23%|██▎       | 60/256 [05:14<17:03,  5.22s/it]
24%|██▍       | 61/256 [05:19<16:54,  5.20s/it]
24%|██▍       | 61/256 [05:19<16:54,  5.20s/it]
{'loss': '7.094e-05', 'grad_norm': '0.02346', 'learning_rate': '7.656e-06', 'num_tokens': '2.988e+04', 'completions/mean_length': '64', 'completions/min_length': '64', 'completions/max_length': '64', 'completions/clipped_ratio': '1', 'completions/mean_terminated_length': '0', 'completions/min_terminated_length': '0', 'completions/max_terminated_length': '0', 'rewards/reward_func/mean': '0', 'rewards/reward_func/std': '0', 'reward': '0', 'reward_std': '0', 'frac_reward_zero_std': '1', 'kl': '0.001774', 'entropy': '0.2179', 'clip_ratio/low_mean': '0', 'clip_ratio/high_mean': '0', 'clip_ratio/region_mean': '0', 'clip_ratio/low_min': '0', 'clip_ratio/high_max': '0', 'step_time': '5.146', 'epoch': '0.2383'}
24%|██▍       | 62/256 [05:25<16:46,  5.19s/it]
{'loss': '0.0001012', 'grad_norm': '0.03457', 'learning_rate': '7.617e-06', 'num_tokens': '3.04e+04', 'completions/mean_length': '64', 'completions/min_length': '64', 'completions/max_length': '64', 'completions/clipped_ratio': '1', 'completions/mean_terminated_length': '0', 'completions/min_terminated_length': '0', 'completions/max_terminated_length': '0', 'rewards/reward_func/mean': '0', 'rewards/reward_func/std': '0', 'reward': '0', 'reward_std': '0', 'frac_reward_zero_std': '1', 'kl': '0.002531', 'entropy': '0.4441', 'clip_ratio/low_mean': '0', 'clip_ratio/high_mean': '0', 'clip_ratio/region_mean': '0', 'clip_ratio/low_min': '0', 'clip_ratio/high_max': '0', 'step_time': '5.127', 'epoch': '0.2422'}
24%|██▍       | 62/256 [05:25<16:46,  5.19s/it]
25%|██▍       | 63/256 [05:30<16:39,  5.18s/it]
{'loss': '1.454e-05', 'grad_norm': '0.008009', 'learning_rate': '7.578e-06', 'num_tokens': '3.089e+04', 'completions/mean_length': '64', 'completions/min_length': '64', 'completions/max_length': '64', 'completions/clipped_ratio': '1', 'completions/mean_terminated_length': '0', 'completions/min_terminated_length': '0', 'completions/max_terminated_length': '0', 'rewards/reward_func/mean': '0', 'rewards/reward_func/std': '0', 'reward': '0', 'reward_std': '0', 'frac_reward_zero_std': '1', 'kl': '0.0003636', 'entropy': '0.1241', 'clip_ratio/low_mean': '0', 'clip_ratio/high_mean': '0', 'clip_ratio/region_mean': '0', 'clip_ratio/low_min': '0', 'clip_ratio/high_max': '0', 'step_time': '5.147', 'epoch': '0.2461'}
25%|██▍       | 63/256 [05:30<16:39,  5.18s/it]
25%|██▌       | 64/256 [05:35<16:37,  5.19s/it]
{'loss': '6.37e-05', 'grad_norm': '0.01582', 'learning_rate': '7.539e-06', 'num_tokens': '3.142e+04', 'completions/mean_length': '64', 'completions/min_length': '64', 'completions/max_length': '64', 'completions/clipped_ratio': '1', 'completions/mean_terminated_length': '0', 'completions/min_terminated_length': '0', 'completions/max_terminated_length': '0', 'rewards/reward_func/mean': '0', 'rewards/reward_func/std': '0', 'reward': '0', 'reward_std': '0', 'frac_reward_zero_std': '1', 'kl': '0.001593', 'entropy': '0.4036', 'clip_ratio/low_mean': '0', 'clip_ratio/high_mean': '0', 'clip_ratio/region_mean': '0', 'clip_ratio/low_min': '0', 'clip_ratio/high_max': '0', 'step_time': '5.212', 'epoch': '0.25'}
25%|██▌       | 64/256 [05:35<16:37,  5.19s/it]
25%|██▌       | 65/256 [05:40<16:31,  5.19s/it]
{'loss': '6.169e-05', 'grad_norm': '0.0175', 'learning_rate': '7.5e-06', 'num_tokens': '3.188e+04', 'completions/mean_length': '64', 'completions/min_length': '64', 'completions/max_length': '64', 'completions/clipped_ratio': '1', 'completions/mean_terminated_length': '0', 'completions/min_terminated_length': '0', 'completions/max_terminated_length': '0', 'rewards/reward_func/mean': '0', 'rewards/reward_func/std': '0', 'reward': '0', 'reward_std': '0', 'frac_reward_zero_std': '1', 'kl': '0.001542', 'entropy': '0.309', 'clip_ratio/low_mean': '0', 'clip_ratio/high_mean': '0', 'clip_ratio/region_mean': '0', 'clip_ratio/low_min': '0', 'clip_ratio/high_max': '0', 'step_time': '5.168', 'epoch': '0.2539'}
25%|██▌       | 65/256 [05:40<16:31,  5.19s/it]
26%|██▌       | 66/256 [05:45<16:26,  5.19s/it]
{'loss': '5.763e-05', 'grad_norm': '0.01701', 'learning_rate': '7.461e-06', 'num_tokens': '3.24e+04', 'completions/mean_length': '64', 'completions/min_length': '64', 'completions/max_length': '64', 'completions/clipped_ratio': '1', 'completions/mean_terminated_length': '0', 'completions/min_terminated_length': '0', 'completions/max_terminated_length': '0', 'rewards/reward_func/mean': '0', 'rewards/reward_func/std': '0', 'reward': '0', 'reward_std': '0', 'frac_reward_zero_std': '1', 'kl': '0.001441', 'entropy': '0.3204', 'clip_ratio/low_mean': '0', 'clip_ratio/high_mean': '0', 'clip_ratio/region_mean': '0', 'clip_ratio/low_min': '0', 'clip_ratio/high_max': '0', 'step_time': '5.181', 'epoch': '0.2578'}
26%|██▌       | 66/256 [05:45<16:26,  5.19s/it]
26%|██▌       | 67/256 [05:51<16:20,  5.19s/it]
{'loss': '6.048e-05', 'grad_norm': '0.01715', 'learning_rate': '7.422e-06', 'num_tokens': '3.285e+04', 'completions/mean_length': '64', 'completions/min_length': '64', 'completions/max_length': '64', 'completions/clipped_ratio': '1', 'completions/mean_terminated_length': '0', 'completions/min_terminated_length': '0', 'completions/max_terminated_length': '0', 'rewards/reward_func/mean': '0', 'rewards/reward_func/std': '0', 'reward': '0', 'reward_std': '0', 'frac_reward_zero_std': '1', 'kl': '0.001512', 'entropy': '0.307', 'clip_ratio/low_mean': '0', 'clip_ratio/high_mean': '0', 'clip_ratio/region_mean': '0', 'clip_ratio/low_min': '0', 'clip_ratio/high_max': '0', 'step_time': '5.154', 'epoch': '0.2617'}
26%|██▌       | 67/256 [05:51<16:20,  5.19s/it]
27%|██▋       | 68/256 [05:56<16:15,  5.19s/it]
{'loss': '3.79e-05', 'grad_norm': '0.01046', 'learning_rate': '7.383e-06', 'num_tokens': '3.34e+04', 'completions/mean_length': '64', 'completions/min_length': '64', 'completions/max_length': '64', 'completions/clipped_ratio': '1', 'completions/mean_terminated_length': '0', 'completions/min_terminated_length': '0', 'completions/max_terminated_length': '0', 'rewards/reward_func/mean': '0', 'rewards/reward_func/std': '0', 'reward': '0', 'reward_std': '0', 'frac_reward_zero_std': '1', 'kl': '0.0009475', 'entropy': '0.183', 'clip_ratio/low_mean': '0', 'clip_ratio/high_mean': '0', 'clip_ratio/region_mean': '0', 'clip_ratio/low_min': '0', 'clip_ratio/high_max': '0', 'step_time': '5.18', 'epoch': '0.2656'}
27%|██▋       | 68/256 [05:56<16:15,  5.19s/it]
27%|██▋       | 69/256 [06:01<16:11,  5.19s/it]
{'loss': '3.555e-05', 'grad_norm': '0.0113', 'learning_rate': '7.344e-06', 'num_tokens': '3.386e+04', 'completions/mean_length': '64', 'completions/min_length': '64', 'completions/max_length': '64', 'completions/clipped_ratio': '1', 'completions/mean_terminated_length': '0', 'completions/min_terminated_length': '0', 'completions/max_terminated_length': '0', 'rewards/reward_func/mean': '0', 'rewards/reward_func/std': '0', 'reward': '0', 'reward_std': '0', 'frac_reward_zero_std': '1', 'kl': '0.0008887', 'entropy': '0.3136', 'clip_ratio/low_mean': '0', 'clip_ratio/high_mean': '0', 'clip_ratio/region_mean': '0', 'clip_ratio/low_min': '0', 'clip_ratio/high_max': '0', 'step_time': '5.185', 'epoch': '0.2695'}
27%|██▋       | 69/256 [06:01<16:11,  5.19s/it]
27%|██▋       | 70/256 [06:06<16:16,  5.25s/it]
{'loss': '5.367e-05', 'grad_norm': '0.01592', 'learning_rate': '7.305e-06', 'num_tokens': '3.431e+04', 'completions/mean_length': '64', 'completions/min_length': '64', 'completions/max_length': '64', 'completions/clipped_ratio': '1', 'completions/mean_terminated_length': '0', 'completions/min_terminated_length': '0', 'completions/max_terminated_length': '0', 'rewards/reward_func/mean': '0', 'rewards/reward_func/std': '0', 'reward': '0', 'reward_std': '0', 'frac_reward_zero_std': '1', 'kl': '0.001342', 'entropy': '0.3753', 'clip_ratio/low_mean': '0', 'clip_ratio/high_mean': '0', 'clip_ratio/region_mean': '0', 'clip_ratio/low_min': '0', 'clip_ratio/high_max': '0', 'step_time': '5.369', 'epoch': '0.2734'}
27%|██▋       | 70/256 [06:06<16:16,  5.25s/it]
28%|██▊       | 71/256 [06:12<16:09,  5.24s/it]
{'loss': '6.851e-05', 'grad_norm': '0.01525', 'learning_rate': '7.266e-06', 'num_tokens': '3.477e+04', 'completions/mean_length': '64', 'completions/min_length': '64', 'completions/max_length': '64', 'completions/clipped_ratio': '1', 'completions/mean_terminated_length': '0', 'completions/min_terminated_length': '0', 'completions/max_terminated_length': '0', 'rewards/reward_func/mean': '0', 'rewards/reward_func/std': '0', 'reward': '0', 'reward_std': '0', 'frac_reward_zero_std': '1', 'kl': '0.001713', 'entropy': '0.455', 'clip_ratio/low_mean': '0', 'clip_ratio/high_mean': '0', 'clip_ratio/region_mean': '0', 'clip_ratio/low_min': '0', 'clip_ratio/high_max': '0', 'step_time': '5.189', 'epoch': '0.2773'}
28%|██▊       | 71/256 [06:12<16:09,  5.24s/it]
28%|██▊       | 72/256 [06:17<16:03,  5.24s/it]
{'loss': '7.324e-05', 'grad_norm': '0.02544', 'learning_rate': '7.227e-06', 'num_tokens': '3.531e+04', 'completions/mean_length': '64', 'completions/min_length': '64', 'completions/max_length': '64', 'completions/clipped_ratio': '1', 'completions/mean_terminated_length': '0', 'completions/min_terminated_length': '0', 'completions/max_terminated_length': '0', 'rewards/reward_func/mean': '0', 'rewards/reward_func/std': '0', 'reward': '0', 'reward_std': '0', 'frac_reward_zero_std': '1', 'kl': '0.001831', 'entropy': '0.3942', 'clip_ratio/low_mean': '0', 'clip_ratio/high_mean': '0', 'clip_ratio/region_mean': '0', 'clip_ratio/low_min': '0', 'clip_ratio/high_max': '0', 'step_time': '5.215', 'epoch': '0.2812'}
28%|██▊       | 72/256 [06:17<16:03,  5.24s/it]
29%|██▊       | 73/256 [06:22<15:57,  5.23s/it]
{'loss': '6.824e-05', 'grad_norm': '0.01952', 'learning_rate': '7.188e-06', 'num_tokens': '3.61e+04', 'completions/mean_length': '64', 'completions/min_length': '64', 'completions/max_length': '64', 'completions/clipped_ratio': '1', 'completions/mean_terminated_length': '0', 'completions/min_terminated_length': '0', 'completions/max_terminated_length': '0', 'rewards/reward_func/mean': '0', 'rewards/reward_func/std': '0', 'reward': '0', 'reward_std': '0', 'frac_reward_zero_std': '1', 'kl': '0.001706', 'entropy': '0.2798', 'clip_ratio/low_mean': '0', 'clip_ratio/high_mean': '0', 'clip_ratio/region_mean': '0', 'clip_ratio/low_min': '0', 'clip_ratio/high_max': '0', 'step_time': '5.207', 'epoch': '0.2852'}
29%|██▊       | 73/256 [06:22<15:57,  5.23s/it]
29%|██▉       | 74/256 [06:27<15:48,  5.21s/it]
{'loss': '6.792e-05', 'grad_norm': '0.02473', 'learning_rate': '7.148e-06', 'num_tokens': '3.667e+04', 'completions/mean_length': '64', 'completions/min_length': '64', 'completions/max_length': '64', 'completions/clipped_ratio': '1', 'completions/mean_terminated_length': '0', 'completions/min_terminated_length': '0', 'completions/max_terminated_length': '0', 'rewards/reward_func/mean': '0', 'rewards/reward_func/std': '0', 'reward': '0', 'reward_std': '0', 'frac_reward_zero_std': '1', 'kl': '0.001698', 'entropy': '0.2926', 'clip_ratio/low_mean': '0', 'clip_ratio/high_mean': '0', 'clip_ratio/region_mean': '0', 'clip_ratio/low_min': '0', 'clip_ratio/high_max': '0', 'step_time': '5.146', 'epoch': '0.2891'}
29%|██▉       | 74/256 [06:27<15:48,  5.21s/it]
29%|██▉       | 75/256 [06:32<15:41,  5.20s/it]
{'loss': '3.839e-05', 'grad_norm': '0.01545', 'learning_rate': '7.109e-06', 'num_tokens': '3.716e+04', 'completions/mean_length': '64', 'completions/min_length': '64', 'completions/max_length': '64', 'completions/clipped_ratio': '1', 'completions/mean_terminated_length': '0', 'completions/min_terminated_length': '0', 'completions/max_terminated_length': '0', 'rewards/reward_func/mean': '0', 'rewards/reward_func/std': '0', 'reward': '0', 'reward_std': '0', 'frac_reward_zero_std': '1', 'kl': '0.0009597', 'entropy': '0.2406', 'clip_ratio/low_mean': '0', 'clip_ratio/high_mean': '0', 'clip_ratio/region_mean': '0', 'clip_ratio/low_min': '0', 'clip_ratio/high_max': '0', 'step_time': '5.156', 'epoch': '0.293'}
29%|██▉       | 75/256 [06:32<15:41,  5.20s/it]
30%|██▉       | 76/256 [06:37<15:34,  5.19s/it]
{'loss': '8.333e-05', 'grad_norm': '0.02472', 'learning_rate': '7.07e-06', 'num_tokens': '3.761e+04', 'completions/mean_length': '64', 'completions/min_length': '64', 'completions/max_length': '64', 'completions/clipped_ratio': '1', 'completions/mean_terminated_length': '0', 'completions/min_terminated_length': '0', 'completions/max_terminated_length': '0', 'rewards/reward_func/mean': '0', 'rewards/reward_func/std': '0', 'reward': '0', 'reward_std': '0', 'frac_reward_zero_std': '1', 'kl': '0.002083', 'entropy': '0.4072', 'clip_ratio/low_mean': '0', 'clip_ratio/high_mean': '0', 'clip_ratio/region_mean': '0', 'clip_ratio/low_min': '0', 'clip_ratio/high_max': '0', 'step_time': '5.152', 'epoch': '0.2969'}
30%|██▉       | 76/256 [06:37<15:34,  5.19s/it]
30%|███       | 77/256 [06:43<15:28,  5.19s/it]
{'loss': '6.732e-05', 'grad_norm': '0.01905', 'learning_rate': '7.031e-06', 'num_tokens': '3.811e+04', 'completions/mean_length': '64', 'completions/min_length': '64', 'completions/max_length': '64', 'completions/clipped_ratio': '1', 'completions/mean_terminated_length': '0', 'completions/min_terminated_length': '0', 'completions/max_terminated_length': '0', 'rewards/reward_func/mean': '0', 'rewards/reward_func/std': '0', 'reward': '0', 'reward_std': '0', 'frac_reward_zero_std': '1', 'kl': '0.001683', 'entropy': '0.2738', 'clip_ratio/low_mean': '0', 'clip_ratio/high_mean': '0', 'clip_ratio/region_mean': '0', 'clip_ratio/low_min': '0', 'clip_ratio/high_max': '0', 'step_time': '5.159', 'epoch': '0.3008'}
30%|███       | 77/256 [06:43<15:28,  5.19s/it]
30%|███       | 78/256 [06:48<15:22,  5.18s/it]
{'loss': '4.794e-05', 'grad_norm': '0.0163', 'learning_rate': '6.992e-06', 'num_tokens': '3.858e+04', 'completions/mean_length': '64', 'completions/min_length': '64', 'completions/max_length': '64', 'completions/clipped_ratio': '1', 'completions/mean_terminated_length': '0', 'completions/min_terminated_length': '0', 'completions/max_terminated_length': '0', 'rewards/reward_func/mean': '0', 'rewards/reward_func/std': '0', 'reward': '0', 'reward_std': '0', 'frac_reward_zero_std': '1', 'kl': '0.001199', 'entropy': '0.1792', 'clip_ratio/low_mean': '0', 'clip_ratio/high_mean': '0', 'clip_ratio/region_mean': '0', 'clip_ratio/low_min': '0', 'clip_ratio/high_max': '0', 'step_time': '5.159', 'epoch': '0.3047'}
30%|███       | 78/256 [06:48<15:22,  5.18s/it]
31%|███       | 79/256 [06:53<15:19,  5.19s/it]
{'loss': '5.731e-05', 'grad_norm': '0.01464', 'learning_rate': '6.953e-06', 'num_tokens': '3.907e+04', 'completions/mean_length': '64', 'completions/min_length': '64', 'completions/max_length': '64', 'completions/clipped_ratio': '1', 'completions/mean_terminated_length': '0', 'completions/min_terminated_length': '0', 'completions/max_terminated_length': '0', 'rewards/reward_func/mean': '0', 'rewards/reward_func/std': '0', 'reward': '0', 'reward_std': '0', 'frac_reward_zero_std': '1', 'kl': '0.001433', 'entropy': '0.3621', 'clip_ratio/low_mean': '0', 'clip_ratio/high_mean': '0', 'clip_ratio/region_mean': '0', 'clip_ratio/low_min': '0', 'clip_ratio/high_max': '0', 'step_time': '5.197', 'epoch': '0.3086'}
31%|███       | 79/256 [06:53<15:19,  5.19s/it]
31%|███▏      | 80/256 [06:58<15:16,  5.21s/it]
31%|███▏      | 80/256 [06:58<15:16,  5.21s/it]
{'loss': '4.477e-05', 'grad_norm': '0.01748', 'learning_rate': '6.914e-06', 'num_tokens': '3.962e+04', 'completions/mean_length': '64', 'completions/min_length': '64', 'completions/max_length': '64', 'completions/clipped_ratio': '1', 'completions/mean_terminated_length': '0', 'completions/min_terminated_length': '0', 'completions/max_terminated_length': '0', 'rewards/reward_func/mean': '0', 'rewards/reward_func/std': '0', 'reward': '0', 'reward_std': '0', 'frac_reward_zero_std': '1', 'kl': '0.001119', 'entropy': '0.269', 'clip_ratio/low_mean': '0', 'clip_ratio/high_mean': '0', 'clip_ratio/region_mean': '0', 'clip_ratio/low_min': '0', 'clip_ratio/high_max': '0', 'step_time': '5.221', 'epoch': '0.3125'}
32%|███▏      | 81/256 [07:04<15:24,  5.28s/it]
{'loss': '5.062e-05', 'grad_norm': '0.01477', 'learning_rate': '6.875e-06', 'num_tokens': '4.014e+04', 'completions/mean_length': '64', 'completions/min_length': '64', 'completions/max_length': '64', 'completions/clipped_ratio': '1', 'completions/mean_terminated_length': '0', 'completions/min_terminated_length': '0', 'completions/max_terminated_length': '0', 'rewards/reward_func/mean': '0', 'rewards/reward_func/std': '0', 'reward': '0', 'reward_std': '0', 'frac_reward_zero_std': '1', 'kl': '0.001265', 'entropy': '0.4084', 'clip_ratio/low_mean': '0', 'clip_ratio/high_mean': '0', 'clip_ratio/region_mean': '0', 'clip_ratio/low_min': '0', 'clip_ratio/high_max': '0', 'step_time': '5.448', 'epoch': '0.3164'}
32%|███▏      | 81/256 [07:04<15:24,  5.28s/it]
32%|███▏      | 82/256 [07:09<15:15,  5.26s/it]
{'loss': '6.557e-05', 'grad_norm': '0.04591', 'learning_rate': '6.836e-06', 'num_tokens': '4.059e+04', 'completions/mean_length': '64', 'completions/min_length': '64', 'completions/max_length': '64', 'completions/clipped_ratio': '1', 'completions/mean_terminated_length': '0', 'completions/min_terminated_length': '0', 'completions/max_terminated_length': '0', 'rewards/reward_func/mean': '0', 'rewards/reward_func/std': '0', 'reward': '0', 'reward_std': '0', 'frac_reward_zero_std': '1', 'kl': '0.001639', 'entropy': '0.2721', 'clip_ratio/low_mean': '0', 'clip_ratio/high_mean': '0', 'clip_ratio/region_mean': '0', 'clip_ratio/low_min': '0', 'clip_ratio/high_max': '0', 'step_time': '5.199', 'epoch': '0.3203'}
32%|███▏      | 82/256 [07:09<15:15,  5.26s/it]
32%|███▏      | 83/256 [07:14<15:09,  5.25s/it]
{'loss': '3.557e-05', 'grad_norm': '0.01156', 'learning_rate': '6.797e-06', 'num_tokens': '4.106e+04', 'completions/mean_length': '64', 'completions/min_length': '64', 'completions/max_length': '64', 'completions/clipped_ratio': '1', 'completions/mean_terminated_length': '0', 'completions/min_terminated_length': '0', 'completions/max_terminated_length': '0', 'rewards/reward_func/mean': '0', 'rewards/reward_func/std': '0', 'reward': '0', 'reward_std': '0', 'frac_reward_zero_std': '1', 'kl': '0.0008891', 'entropy': '0.3352', 'clip_ratio/low_mean': '0', 'clip_ratio/high_mean': '0', 'clip_ratio/region_mean': '0', 'clip_ratio/low_min': '0', 'clip_ratio/high_max': '0', 'step_time': '5.216', 'epoch': '0.3242'}
32%|███▏      | 83/256 [07:14<15:09,  5.25s/it]
33%|███▎      | 84/256 [07:19<15:02,  5.25s/it]
{'loss': '4.219e-05', 'grad_norm': '0.01343', 'learning_rate': '6.758e-06', 'num_tokens': '4.152e+04', 'completions/mean_length': '64', 'completions/min_length': '64', 'completions/max_length': '64', 'completions/clipped_ratio': '1', 'completions/mean_terminated_length': '0', 'completions/min_terminated_length': '0', 'completions/max_terminated_length': '0', 'rewards/reward_func/mean': '0', 'rewards/reward_func/std': '0', 'reward': '0', 'reward_std': '0', 'frac_reward_zero_std': '1', 'kl': '0.001055', 'entropy': '0.3702', 'clip_ratio/low_mean': '0', 'clip_ratio/high_mean': '0', 'clip_ratio/region_mean': '0', 'clip_ratio/low_min': '0', 'clip_ratio/high_max': '0', 'step_time': '5.207', 'epoch': '0.3281'}
33%|███▎      | 84/256 [07:19<15:02,  5.25s/it]
33%|███▎      | 85/256 [07:25<14:55,  5.23s/it]
{'loss': '3.887e-05', 'grad_norm': '0.01724', 'learning_rate': '6.719e-06', 'num_tokens': '4.203e+04', 'completions/mean_length': '64', 'completions/min_length': '64', 'completions/max_length': '64', 'completions/clipped_ratio': '1', 'completions/mean_terminated_length': '0', 'completions/min_terminated_length': '0', 'completions/max_terminated_length': '0', 'rewards/reward_func/mean': '0', 'rewards/reward_func/std': '0', 'reward': '0', 'reward_std': '0', 'frac_reward_zero_std': '1', 'kl': '0.0009717', 'entropy': '0.2335', 'clip_ratio/low_mean': '0', 'clip_ratio/high_mean': '0', 'clip_ratio/region_mean': '0', 'clip_ratio/low_min': '0', 'clip_ratio/high_max': '0', 'step_time': '5.191', 'epoch': '0.332'}
33%|███▎      | 85/256 [07:25<14:55,  5.23s/it]
34%|███▎      | 86/256 [07:30<14:48,  5.23s/it]
{'loss': '7.315e-05', 'grad_norm': '0.02524', 'learning_rate': '6.68e-06', 'num_tokens': '4.254e+04', 'completions/mean_length': '64', 'completions/min_length': '64', 'completions/max_length': '64', 'completions/clipped_ratio': '1', 'completions/mean_terminated_length': '0', 'completions/min_terminated_length': '0', 'completions/max_terminated_length': '0', 'rewards/reward_func/mean': '0', 'rewards/reward_func/std': '0', 'reward': '0', 'reward_std': '0', 'frac_reward_zero_std': '1', 'kl': '0.001829', 'entropy': '0.3176', 'clip_ratio/low_mean': '0', 'clip_ratio/high_mean': '0', 'clip_ratio/region_mean': '0', 'clip_ratio/low_min': '0', 'clip_ratio/high_max': '0', 'step_time': '5.187', 'epoch': '0.3359'}
34%|███▎      | 86/256 [07:30<14:48,  5.23s/it]
34%|███▍      | 87/256 [07:35<14:42,  5.22s/it]
{'loss': '0.0002069', 'grad_norm': '0.06465', 'learning_rate': '6.641e-06', 'num_tokens': '4.298e+04', 'completions/mean_length': '64', 'completions/min_length': '64', 'completions/max_length': '64', 'completions/clipped_ratio': '1', 'completions/mean_terminated_length': '0', 'completions/min_terminated_length': '0', 'completions/max_terminated_length': '0', 'rewards/reward_func/mean': '0', 'rewards/reward_func/std': '0', 'reward': '0', 'reward_std': '0', 'frac_reward_zero_std': '1', 'kl': '0.005171', 'entropy': '0.5862', 'clip_ratio/low_mean': '0', 'clip_ratio/high_mean': '0', 'clip_ratio/region_mean': '0', 'clip_ratio/low_min': '0', 'clip_ratio/high_max': '0', 'step_time': '5.196', 'epoch': '0.3398'}
34%|███▍      | 87/256 [07:35<14:42,  5.22s/it]
34%|███▍      | 88/256 [07:40<14:36,  5.22s/it]
{'loss': '5.682e-05', 'grad_norm': '0.01666', 'learning_rate': '6.602e-06', 'num_tokens': '4.354e+04', 'completions/mean_length': '64', 'completions/min_length': '64', 'completions/max_length': '64', 'completions/clipped_ratio': '1', 'completions/mean_terminated_length': '0', 'completions/min_terminated_length': '0', 'completions/max_terminated_length': '0', 'rewards/reward_func/mean': '0', 'rewards/reward_func/std': '0', 'reward': '0', 'reward_std': '0', 'frac_reward_zero_std': '1', 'kl': '0.00142', 'entropy': '0.4332', 'clip_ratio/low_mean': '0', 'clip_ratio/high_mean': '0', 'clip_ratio/region_mean': '0', 'clip_ratio/low_min': '0', 'clip_ratio/high_max': '0', 'step_time': '5.188', 'epoch': '0.3438'}
34%|███▍      | 88/256 [07:40<14:36,  5.22s/it]
35%|███▍      | 89/256 [07:45<14:32,  5.22s/it]
{'loss': '0.0001284', 'grad_norm': '0.04498', 'learning_rate': '6.563e-06', 'num_tokens': '4.398e+04', 'completions/mean_length': '64', 'completions/min_length': '64', 'completions/max_length': '64', 'completions/clipped_ratio': '1', 'completions/mean_terminated_length': '0', 'completions/min_terminated_length': '0', 'completions/max_terminated_length': '0', 'rewards/reward_func/mean': '0', 'rewards/reward_func/std': '0', 'reward': '0', 'reward_std': '0', 'frac_reward_zero_std': '1', 'kl': '0.003211', 'entropy': '0.5412', 'clip_ratio/low_mean': '0', 'clip_ratio/high_mean': '0', 'clip_ratio/region_mean': '0', 'clip_ratio/low_min': '0', 'clip_ratio/high_max': '0', 'step_time': '5.225', 'epoch': '0.3477'}
35%|███▍      | 89/256 [07:45<14:32,  5.22s/it]
35%|███▌      | 90/256 [07:51<14:28,  5.23s/it]
{'loss': '7.002e-05', 'grad_norm': '0.02295', 'learning_rate': '6.523e-06', 'num_tokens': '4.444e+04', 'completions/mean_length': '64', 'completions/min_length': '64', 'completions/max_length': '64', 'completions/clipped_ratio': '1', 'completions/mean_terminated_length': '0', 'completions/min_terminated_length': '0', 'completions/max_terminated_length': '0', 'rewards/reward_func/mean': '0', 'rewards/reward_func/std': '0', 'reward': '0', 'reward_std': '0', 'frac_reward_zero_std': '1', 'kl': '0.001751', 'entropy': '0.3592', 'clip_ratio/low_mean': '0', 'clip_ratio/high_mean': '0', 'clip_ratio/region_mean': '0', 'clip_ratio/low_min': '0', 'clip_ratio/high_max': '0', 'step_time': '5.227', 'epoch': '0.3516'}
35%|███▌      | 90/256 [07:51<14:28,  5.23s/it]
36%|███▌      | 91/256 [07:56<14:22,  5.23s/it]
{'loss': '5.893e-05', 'grad_norm': '0.0229', 'learning_rate': '6.484e-06', 'num_tokens': '4.499e+04', 'completions/mean_length': '64', 'completions/min_length': '64', 'completions/max_length': '64', 'completions/clipped_ratio': '1', 'completions/mean_terminated_length': '0', 'completions/min_terminated_length': '0', 'completions/max_terminated_length': '0', 'rewards/reward_func/mean': '0', 'rewards/reward_func/std': '0', 'reward': '0', 'reward_std': '0', 'frac_reward_zero_std': '1', 'kl': '0.001473', 'entropy': '0.2689', 'clip_ratio/low_mean': '0', 'clip_ratio/high_mean': '0', 'clip_ratio/region_mean': '0', 'clip_ratio/low_min': '0', 'clip_ratio/high_max': '0', 'step_time': '5.202', 'epoch': '0.3555'}
36%|███▌      | 91/256 [07:56<14:22,  5.23s/it]
36%|███▌      | 92/256 [08:01<14:17,  5.23s/it]
{'loss': '6.603e-05', 'grad_norm': '0.01884', 'learning_rate': '6.445e-06', 'num_tokens': '4.545e+04', 'completions/mean_length': '64', 'completions/min_length': '64', 'completions/max_length': '64', 'completions/clipped_ratio': '1', 'completions/mean_terminated_length': '0', 'completions/min_terminated_length': '0', 'completions/max_terminated_length': '0', 'rewards/reward_func/mean': '0', 'rewards/reward_func/std': '0', 'reward': '0', 'reward_std': '0', 'frac_reward_zero_std': '1', 'kl': '0.001651', 'entropy': '0.3639', 'clip_ratio/low_mean': '0', 'clip_ratio/high_mean': '0', 'clip_ratio/region_mean': '0', 'clip_ratio/low_min': '0', 'clip_ratio/high_max': '0', 'step_time': '5.21', 'epoch': '0.3594'}
36%|███▌      | 92/256 [08:01<14:17,  5.23s/it]
36%|███▋      | 93/256 [08:07<14:20,  5.28s/it]
{'loss': '4.382e-05', 'grad_norm': '0.01504', 'learning_rate': '6.406e-06', 'num_tokens': '4.591e+04', 'completions/mean_length': '64', 'completions/min_length': '64', 'completions/max_length': '64', 'completions/clipped_ratio': '1', 'completions/mean_terminated_length': '0', 'completions/min_terminated_length': '0', 'completions/max_terminated_length': '0', 'rewards/reward_func/mean': '0', 'rewards/reward_func/std': '0', 'reward': '0', 'reward_std': '0', 'frac_reward_zero_std': '1', 'kl': '0.001096', 'entropy': '0.2984', 'clip_ratio/low_mean': '0', 'clip_ratio/high_mean': '0', 'clip_ratio/region_mean': '0', 'clip_ratio/low_min': '0', 'clip_ratio/high_max': '0', 'step_time': '5.388', 'epoch': '0.3633'}
36%|███▋      | 93/256 [08:07<14:20,  5.28s/it]
37%|███▋      | 94/256 [08:12<14:11,  5.26s/it]
{'loss': '7.598e-05', 'grad_norm': '0.01933', 'learning_rate': '6.367e-06', 'num_tokens': '4.637e+04', 'completions/mean_length': '64', 'completions/min_length': '64', 'completions/max_length': '64', 'completions/clipped_ratio': '1', 'completions/mean_terminated_length': '0', 'completions/min_terminated_length': '0', 'completions/max_terminated_length': '0', 'rewards/reward_func/mean': '0', 'rewards/reward_func/std': '0', 'reward': '0', 'reward_std': '0', 'frac_reward_zero_std': '1', 'kl': '0.001899', 'entropy': '0.3636', 'clip_ratio/low_mean': '0', 'clip_ratio/high_mean': '0', 'clip_ratio/region_mean': '0', 'clip_ratio/low_min': '0', 'clip_ratio/high_max': '0', 'step_time': '5.192', 'epoch': '0.3672'}
37%|███▋      | 94/256 [08:12<14:11,  5.26s/it]
37%|███▋      | 95/256 [08:17<14:04,  5.24s/it]
{'loss': '8.661e-05', 'grad_norm': '0.02725', 'learning_rate': '6.328e-06', 'num_tokens': '4.692e+04', 'completions/mean_length': '64', 'completions/min_length': '64', 'completions/max_length': '64', 'completions/clipped_ratio': '1', 'completions/mean_terminated_length': '0', 'completions/min_terminated_length': '0', 'completions/max_terminated_length': '0', 'rewards/reward_func/mean': '0', 'rewards/reward_func/std': '0', 'reward': '0', 'reward_std': '0', 'frac_reward_zero_std': '1', 'kl': '0.002165', 'entropy': '0.2298', 'clip_ratio/low_mean': '0', 'clip_ratio/high_mean': '0', 'clip_ratio/region_mean': '0', 'clip_ratio/low_min': '0', 'clip_ratio/high_max': '0', 'step_time': '5.191', 'epoch': '0.3711'}
37%|███▋      | 95/256 [08:17<14:04,  5.24s/it]
38%|███▊      | 96/256 [08:22<13:58,  5.24s/it]
{'loss': '2.856e-05', 'grad_norm': '0.01199', 'learning_rate': '6.289e-06', 'num_tokens': '4.746e+04', 'completions/mean_length': '64', 'completions/min_length': '64', 'completions/max_length': '64', 'completions/clipped_ratio': '1', 'completions/mean_terminated_length': '0', 'completions/min_terminated_length': '0', 'completions/max_terminated_length': '0', 'rewards/reward_func/mean': '0', 'rewards/reward_func/std': '0', 'reward': '0', 'reward_std': '0', 'frac_reward_zero_std': '1', 'kl': '0.0007141', 'entropy': '0.2691', 'clip_ratio/low_mean': '0', 'clip_ratio/high_mean': '0', 'clip_ratio/region_mean': '0', 'clip_ratio/low_min': '0', 'clip_ratio/high_max': '0', 'step_time': '5.213', 'epoch': '0.375'}
38%|███▊      | 96/256 [08:22<13:58,  5.24s/it]
38%|███▊      | 97/256 [08:27<13:52,  5.24s/it]
{'loss': '4.906e-05', 'grad_norm': '0.01792', 'learning_rate': '6.25e-06', 'num_tokens': '4.796e+04', 'completions/mean_length': '64', 'completions/min_length': '64', 'completions/max_length': '64', 'completions/clipped_ratio': '1', 'completions/mean_terminated_length': '0', 'completions/min_terminated_length': '0', 'completions/max_terminated_length': '0', 'rewards/reward_func/mean': '0', 'rewards/reward_func/std': '0', 'reward': '0', 'reward_std': '0', 'frac_reward_zero_std': '1', 'kl': '0.001227', 'entropy': '0.3302', 'clip_ratio/low_mean': '0', 'clip_ratio/high_mean': '0', 'clip_ratio/region_mean': '0', 'clip_ratio/low_min': '0', 'clip_ratio/high_max': '0', 'step_time': '5.218', 'epoch': '0.3789'}
38%|███▊      | 97/256 [08:27<13:52,  5.24s/it]
38%|███▊      | 98/256 [08:33<13:46,  5.23s/it]
{'loss': '0.0001028', 'grad_norm': '2.84', 'learning_rate': '6.211e-06', 'num_tokens': '4.84e+04', 'completions/mean_length': '64', 'completions/min_length': '64', 'completions/max_length': '64', 'completions/clipped_ratio': '1', 'completions/mean_terminated_length': '0', 'completions/min_terminated_length': '0', 'completions/max_terminated_length': '0', 'rewards/reward_func/mean': '0.0625', 'rewards/reward_func/std': '0.125', 'reward': '0.0625', 'reward_std': '0.125', 'frac_reward_zero_std': '0', 'kl': '0.002571', 'entropy': '0.5583', 'clip_ratio/low_mean': '0', 'clip_ratio/high_mean': '0', 'clip_ratio/region_mean': '0', 'clip_ratio/low_min': '0', 'clip_ratio/high_max': '0', 'step_time': '5.189', 'epoch': '0.3828'}
38%|███▊      | 98/256 [08:33<13:46,  5.23s/it]
39%|███▊      | 99/256 [08:38<13:39,  5.22s/it]
{'loss': '2.294e-05', 'grad_norm': '0.01133', 'learning_rate': '6.172e-06', 'num_tokens': '4.886e+04', 'completions/mean_length': '64', 'completions/min_length': '64', 'completions/max_length': '64', 'completions/clipped_ratio': '1', 'completions/mean_terminated_length': '0', 'completions/min_terminated_length': '0', 'completions/max_terminated_length': '0', 'rewards/reward_func/mean': '0', 'rewards/reward_func/std': '0', 'reward': '0', 'reward_std': '0', 'frac_reward_zero_std': '1', 'kl': '0.0005735', 'entropy': '0.2145', 'clip_ratio/low_mean': '0', 'clip_ratio/high_mean': '0', 'clip_ratio/region_mean': '0', 'clip_ratio/low_min': '0', 'clip_ratio/high_max': '0', 'step_time': '5.179', 'epoch': '0.3867'}
39%|███▊      | 99/256 [08:38<13:39,  5.22s/it]
39%|███▉      | 100/256 [08:43<13:33,  5.22s/it]
{'loss': '4.312e-05', 'grad_norm': '0.01372', 'learning_rate': '6.133e-06', 'num_tokens': '4.934e+04', 'completions/mean_length': '64', 'completions/min_length': '64', 'completions/max_length': '64', 'completions/clipped_ratio': '1', 'completions/mean_terminated_length': '0', 'completions/min_terminated_length': '0', 'completions/max_terminated_length': '0', 'rewards/reward_func/mean': '0', 'rewards/reward_func/std': '0', 'reward': '0', 'reward_std': '0', 'frac_reward_zero_std': '1', 'kl': '0.001078', 'entropy': '0.2446', 'clip_ratio/low_mean': '0', 'clip_ratio/high_mean': '0', 'clip_ratio/region_mean': '0', 'clip_ratio/low_min': '0', 'clip_ratio/high_max': '0', 'step_time': '5.195', 'epoch': '0.3906'}
39%|███▉      | 100/256 [08:43<13:33,  5.22s/it]
39%|███▉      | 101/256 [08:48<13:28,  5.22s/it]
{'loss': '5.546e-05', 'grad_norm': '0.02051', 'learning_rate': '6.094e-06', 'num_tokens': '4.983e+04', 'completions/mean_length': '64', 'completions/min_length': '64', 'completions/max_length': '64', 'completions/clipped_ratio': '1', 'completions/mean_terminated_length': '0', 'completions/min_terminated_length': '0', 'completions/max_terminated_length': '0', 'rewards/reward_func/mean': '0', 'rewards/reward_func/std': '0', 'reward': '0', 'reward_std': '0', 'frac_reward_zero_std': '1', 'kl': '0.001387', 'entropy': '0.2717', 'clip_ratio/low_mean': '0', 'clip_ratio/high_mean': '0', 'clip_ratio/region_mean': '0', 'clip_ratio/low_min': '0', 'clip_ratio/high_max': '0', 'step_time': '5.203', 'epoch': '0.3945'}
39%|███▉      | 101/256 [08:48<13:28,  5.22s/it]
40%|███▉      | 102/256 [08:54<13:24,  5.22s/it]
40%|███▉      | 102/256 [08:54<13:24,  5.22s/it]
{'loss': '2.594e-05', 'grad_norm': '0.01169', 'learning_rate': '6.055e-06', 'num_tokens': '5.034e+04', 'completions/mean_length': '64', 'completions/min_length': '64', 'completions/max_length': '64', 'completions/clipped_ratio': '1', 'completions/mean_terminated_length': '0', 'completions/min_terminated_length': '0', 'completions/max_terminated_length': '0', 'rewards/reward_func/mean': '0', 'rewards/reward_func/std': '0', 'reward': '0', 'reward_std': '0', 'frac_reward_zero_std': '1', 'kl': '0.0006484', 'entropy': '0.1497', 'clip_ratio/low_mean': '0', 'clip_ratio/high_mean': '0', 'clip_ratio/region_mean': '0', 'clip_ratio/low_min': '0', 'clip_ratio/high_max': '0', 'step_time': '5.21', 'epoch': '0.3984'}
40%|████      | 103/256 [08:59<13:18,  5.22s/it]
{'loss': '0.000106', 'grad_norm': '0.03072', 'learning_rate': '6.016e-06', 'num_tokens': '5.088e+04', 'completions/mean_length': '64', 'completions/min_length': '64', 'completions/max_length': '64', 'completions/clipped_ratio': '1', 'completions/mean_terminated_length': '0', 'completions/min_terminated_length': '0', 'completions/max_terminated_length': '0', 'rewards/reward_func/mean': '0', 'rewards/reward_func/std': '0', 'reward': '0', 'reward_std': '0', 'frac_reward_zero_std': '1', 'kl': '0.002651', 'entropy': '0.3172', 'clip_ratio/low_mean': '0', 'clip_ratio/high_mean': '0', 'clip_ratio/region_mean': '0', 'clip_ratio/low_min': '0', 'clip_ratio/high_max': '0', 'step_time': '5.2', 'epoch': '0.4023'}
40%|████      | 103/256 [08:59<13:18,  5.22s/it]
41%|████      | 104/256 [09:04<13:13,  5.22s/it]
{'loss': '0.0001152', 'grad_norm': '0.07662', 'learning_rate': '5.977e-06', 'num_tokens': '5.141e+04', 'completions/mean_length': '64', 'completions/min_length': '64', 'completions/max_length': '64', 'completions/clipped_ratio': '1', 'completions/mean_terminated_length': '0', 'completions/min_terminated_length': '0', 'completions/max_terminated_length': '0', 'rewards/reward_func/mean': '0', 'rewards/reward_func/std': '0', 'reward': '0', 'reward_std': '0', 'frac_reward_zero_std': '1', 'kl': '0.00288', 'entropy': '0.4564', 'clip_ratio/low_mean': '0', 'clip_ratio/high_mean': '0', 'clip_ratio/region_mean': '0', 'clip_ratio/low_min': '0', 'clip_ratio/high_max': '0', 'step_time': '5.2', 'epoch': '0.4062'}
41%|████      | 104/256 [09:04<13:13,  5.22s/it]
41%|████      | 105/256 [09:09<13:16,  5.28s/it]
{'loss': '6.633e-05', 'grad_norm': '0.02423', 'learning_rate': '5.938e-06', 'num_tokens': '5.184e+04', 'completions/mean_length': '64', 'completions/min_length': '64', 'completions/max_length': '64', 'completions/clipped_ratio': '1', 'completions/mean_terminated_length': '0', 'completions/min_terminated_length': '0', 'completions/max_terminated_length': '0', 'rewards/reward_func/mean': '0', 'rewards/reward_func/std': '0', 'reward': '0', 'reward_std': '0', 'frac_reward_zero_std': '1', 'kl': '0.001658', 'entropy': '0.2926', 'clip_ratio/low_mean': '0', 'clip_ratio/high_mean': '0', 'clip_ratio/region_mean': '0', 'clip_ratio/low_min': '0', 'clip_ratio/high_max': '0', 'step_time': '5.394', 'epoch': '0.4102'}
41%|████      | 105/256 [09:09<13:16,  5.28s/it]
41%|████▏     | 106/256 [09:15<13:08,  5.26s/it]
{'loss': '4.527e-05', 'grad_norm': '0.02154', 'learning_rate': '5.898e-06', 'num_tokens': '5.232e+04', 'completions/mean_length': '64', 'completions/min_length': '64', 'completions/max_length': '64', 'completions/clipped_ratio': '1', 'completions/mean_terminated_length': '0', 'completions/min_terminated_length': '0', 'completions/max_terminated_length': '0', 'rewards/reward_func/mean': '0', 'rewards/reward_func/std': '0', 'reward': '0', 'reward_std': '0', 'frac_reward_zero_std': '1', 'kl': '0.001132', 'entropy': '0.3054', 'clip_ratio/low_mean': '0', 'clip_ratio/high_mean': '0', 'clip_ratio/region_mean': '0', 'clip_ratio/low_min': '0', 'clip_ratio/high_max': '0', 'step_time': '5.201', 'epoch': '0.4141'}
41%|████▏     | 106/256 [09:15<13:08,  5.26s/it]
42%|████▏     | 107/256 [09:20<13:00,  5.24s/it]
{'loss': '5.352e-05', 'grad_norm': '0.018', 'learning_rate': '5.859e-06', 'num_tokens': '5.285e+04', 'completions/mean_length': '64', 'completions/min_length': '64', 'completions/max_length': '64', 'completions/clipped_ratio': '1', 'completions/mean_terminated_length': '0', 'completions/min_terminated_length': '0', 'completions/max_terminated_length': '0', 'rewards/reward_func/mean': '0', 'rewards/reward_func/std': '0', 'reward': '0', 'reward_std': '0', 'frac_reward_zero_std': '1', 'kl': '0.001338', 'entropy': '0.4516', 'clip_ratio/low_mean': '0', 'clip_ratio/high_mean': '0', 'clip_ratio/region_mean': '0', 'clip_ratio/low_min': '0', 'clip_ratio/high_max': '0', 'step_time': '5.178', 'epoch': '0.418'}
42%|████▏     | 107/256 [09:20<13:00,  5.24s/it]
42%|████▏     | 108/256 [09:25<12:52,  5.22s/it]
{'loss': '9.847e-05', 'grad_norm': '0.02459', 'learning_rate': '5.82e-06', 'num_tokens': '5.33e+04', 'completions/mean_length': '64', 'completions/min_length': '64', 'completions/max_length': '64', 'completions/clipped_ratio': '1', 'completions/mean_terminated_length': '0', 'completions/min_terminated_length': '0', 'completions/max_terminated_length': '0', 'rewards/reward_func/mean': '0', 'rewards/reward_func/std': '0', 'reward': '0', 'reward_std': '0', 'frac_reward_zero_std': '1', 'kl': '0.002462', 'entropy': '0.4723', 'clip_ratio/low_mean': '0', 'clip_ratio/high_mean': '0', 'clip_ratio/region_mean': '0', 'clip_ratio/low_min': '0', 'clip_ratio/high_max': '0', 'step_time': '5.167', 'epoch': '0.4219'}
42%|████▏     | 108/256 [09:25<12:52,  5.22s/it]
43%|████▎     | 109/256 [09:30<12:45,  5.21s/it]
{'loss': '1.735e-05', 'grad_norm': '0.008517', 'learning_rate': '5.781e-06', 'num_tokens': '5.382e+04', 'completions/mean_length': '64', 'completions/min_length': '64', 'completions/max_length': '64', 'completions/clipped_ratio': '1', 'completions/mean_terminated_length': '0', 'completions/min_terminated_length': '0', 'completions/max_terminated_length': '0', 'rewards/reward_func/mean': '0', 'rewards/reward_func/std': '0', 'reward': '0', 'reward_std': '0', 'frac_reward_zero_std': '1', 'kl': '0.0004336', 'entropy': '0.1626', 'clip_ratio/low_mean': '0', 'clip_ratio/high_mean': '0', 'clip_ratio/region_mean': '0', 'clip_ratio/low_min': '0', 'clip_ratio/high_max': '0', 'step_time': '5.161', 'epoch': '0.4258'}
43%|████▎     | 109/256 [09:30<12:45,  5.21s/it]
43%|████▎     | 110/256 [09:35<12:39,  5.20s/it]
{'loss': '4.28e-05', 'grad_norm': '0.0157', 'learning_rate': '5.742e-06', 'num_tokens': '5.433e+04', 'completions/mean_length': '64', 'completions/min_length': '64', 'completions/max_length': '64', 'completions/clipped_ratio': '1', 'completions/mean_terminated_length': '0', 'completions/min_terminated_length': '0', 'completions/max_terminated_length': '0', 'rewards/reward_func/mean': '0', 'rewards/reward_func/std': '0', 'reward': '0', 'reward_std': '0', 'frac_reward_zero_std': '1', 'kl': '0.00107', 'entropy': '0.1862', 'clip_ratio/low_mean': '0', 'clip_ratio/high_mean': '0', 'clip_ratio/region_mean': '0', 'clip_ratio/low_min': '0', 'clip_ratio/high_max': '0', 'step_time': '5.165', 'epoch': '0.4297'}
43%|████▎     | 110/256 [09:35<12:39,  5.20s/it]
43%|████▎     | 111/256 [09:41<12:33,  5.19s/it]
{'loss': '1.565e-05', 'grad_norm': '0.007154', 'learning_rate': '5.703e-06', 'num_tokens': '5.484e+04', 'completions/mean_length': '64', 'completions/min_length': '64', 'completions/max_length': '64', 'completions/clipped_ratio': '1', 'completions/mean_terminated_length': '0', 'completions/min_terminated_length': '0', 'completions/max_terminated_length': '0', 'rewards/reward_func/mean': '0', 'rewards/reward_func/std': '0', 'reward': '0', 'reward_std': '0', 'frac_reward_zero_std': '1', 'kl': '0.0003914', 'entropy': '0.1152', 'clip_ratio/low_mean': '0', 'clip_ratio/high_mean': '0', 'clip_ratio/region_mean': '0', 'clip_ratio/low_min': '0', 'clip_ratio/high_max': '0', 'step_time': '5.161', 'epoch': '0.4336'}
43%|████▎     | 111/256 [09:41<12:33,  5.19s/it]
44%|████▍     | 112/256 [09:46<12:28,  5.20s/it]
{'loss': '4.989e-05', 'grad_norm': '0.01528', 'learning_rate': '5.664e-06', 'num_tokens': '5.53e+04', 'completions/mean_length': '64', 'completions/min_length': '64', 'completions/max_length': '64', 'completions/clipped_ratio': '1', 'completions/mean_terminated_length': '0', 'completions/min_terminated_length': '0', 'completions/max_terminated_length': '0', 'rewards/reward_func/mean': '0', 'rewards/reward_func/std': '0', 'reward': '0', 'reward_std': '0', 'frac_reward_zero_std': '1', 'kl': '0.001247', 'entropy': '0.4075', 'clip_ratio/low_mean': '0', 'clip_ratio/high_mean': '0', 'clip_ratio/region_mean': '0', 'clip_ratio/low_min': '0', 'clip_ratio/high_max': '0', 'step_time': '5.194', 'epoch': '0.4375'}
44%|████▍     | 112/256 [09:46<12:28,  5.20s/it]
44%|████▍     | 113/256 [09:51<12:22,  5.20s/it]
{'loss': '9.686e-06', 'grad_norm': '0.00656', 'learning_rate': '5.625e-06', 'num_tokens': '5.582e+04', 'completions/mean_length': '64', 'completions/min_length': '64', 'completions/max_length': '64', 'completions/clipped_ratio': '1', 'completions/mean_terminated_length': '0', 'completions/min_terminated_length': '0', 'completions/max_terminated_length': '0', 'rewards/reward_func/mean': '0', 'rewards/reward_func/std': '0', 'reward': '0', 'reward_std': '0', 'frac_reward_zero_std': '1', 'kl': '0.0002421', 'entropy': '0.09129', 'clip_ratio/low_mean': '0', 'clip_ratio/high_mean': '0', 'clip_ratio/region_mean': '0', 'clip_ratio/low_min': '0', 'clip_ratio/high_max': '0', 'step_time': '5.169', 'epoch': '0.4414'}
44%|████▍     | 113/256 [09:51<12:22,  5.20s/it]
45%|████▍     | 114/256 [09:56<12:18,  5.20s/it]
{'loss': '6.469e-05', 'grad_norm': '0.02169', 'learning_rate': '5.586e-06', 'num_tokens': '5.638e+04', 'completions/mean_length': '64', 'completions/min_length': '64', 'completions/max_length': '64', 'completions/clipped_ratio': '1', 'completions/mean_terminated_length': '0', 'completions/min_terminated_length': '0', 'completions/max_terminated_length': '0', 'rewards/reward_func/mean': '0', 'rewards/reward_func/std': '0', 'reward': '0', 'reward_std': '0', 'frac_reward_zero_std': '1', 'kl': '0.001617', 'entropy': '0.3303', 'clip_ratio/low_mean': '0', 'clip_ratio/high_mean': '0', 'clip_ratio/region_mean': '0', 'clip_ratio/low_min': '0', 'clip_ratio/high_max': '0', 'step_time': '5.198', 'epoch': '0.4453'}
45%|████▍     | 114/256 [09:56<12:18,  5.20s/it]
45%|████▍     | 115/256 [10:02<12:24,  5.28s/it]
{'loss': '0.0001349', 'grad_norm': '0.03242', 'learning_rate': '5.547e-06', 'num_tokens': '5.684e+04', 'completions/mean_length': '64', 'completions/min_length': '64', 'completions/max_length': '64', 'completions/clipped_ratio': '1', 'completions/mean_terminated_length': '0', 'completions/min_terminated_length': '0', 'completions/max_terminated_length': '0', 'rewards/reward_func/mean': '0', 'rewards/reward_func/std': '0', 'reward': '0', 'reward_std': '0', 'frac_reward_zero_std': '1', 'kl': '0.003372', 'entropy': '0.4551', 'clip_ratio/low_mean': '0', 'clip_ratio/high_mean': '0', 'clip_ratio/region_mean': '0', 'clip_ratio/low_min': '0', 'clip_ratio/high_max': '0', 'step_time': '5.449', 'epoch': '0.4492'}
45%|████▍     | 115/256 [10:02<12:24,  5.28s/it]
45%|████▌     | 116/256 [10:07<12:17,  5.27s/it]
{'loss': '6.125e-05', 'grad_norm': '0.01659', 'learning_rate': '5.508e-06', 'num_tokens': '5.738e+04', 'completions/mean_length': '64', 'completions/min_length': '64', 'completions/max_length': '64', 'completions/clipped_ratio': '1', 'completions/mean_terminated_length': '0', 'completions/min_terminated_length': '0', 'completions/max_terminated_length': '0', 'rewards/reward_func/mean': '0', 'rewards/reward_func/std': '0', 'reward': '0', 'reward_std': '0', 'frac_reward_zero_std': '1', 'kl': '0.001531', 'entropy': '0.2168', 'clip_ratio/low_mean': '0', 'clip_ratio/high_mean': '0', 'clip_ratio/region_mean': '0', 'clip_ratio/low_min': '0', 'clip_ratio/high_max': '0', 'step_time': '5.215', 'epoch': '0.4531'}
45%|████▌     | 116/256 [10:07<12:17,  5.27s/it]
46%|████▌     | 117/256 [10:12<12:09,  5.25s/it]
46%|████▌     | 117/256 [10:12<12:09,  5.25s/it]
{'loss': '6.011e-05', 'grad_norm': '0.01429', 'learning_rate': '5.469e-06', 'num_tokens': '5.791e+04', 'completions/mean_length': '64', 'completions/min_length': '64', 'completions/max_length': '64', 'completions/clipped_ratio': '1', 'completions/mean_terminated_length': '0', 'completions/min_terminated_length': '0', 'completions/max_terminated_length': '0', 'rewards/reward_func/mean': '0', 'rewards/reward_func/std': '0', 'reward': '0', 'reward_std': '0', 'frac_reward_zero_std': '1', 'kl': '0.001503', 'entropy': '0.2119', 'clip_ratio/low_mean': '0', 'clip_ratio/high_mean': '0', 'clip_ratio/region_mean': '0', 'clip_ratio/low_min': '0', 'clip_ratio/high_max': '0', 'step_time': '5.192', 'epoch': '0.457'}
46%|████▌     | 118/256 [10:17<12:03,  5.24s/it]
{'loss': '0.0001314', 'grad_norm': '0.02842', 'learning_rate': '5.43e-06', 'num_tokens': '5.835e+04', 'completions/mean_length': '64', 'completions/min_length': '64', 'completions/max_length': '64', 'completions/clipped_ratio': '1', 'completions/mean_terminated_length': '0', 'completions/min_terminated_length': '0', 'completions/max_terminated_length': '0', 'rewards/reward_func/mean': '0', 'rewards/reward_func/std': '0', 'reward': '0', 'reward_std': '0', 'frac_reward_zero_std': '1', 'kl': '0.003285', 'entropy': '0.3127', 'clip_ratio/low_mean': '0', 'clip_ratio/high_mean': '0', 'clip_ratio/region_mean': '0', 'clip_ratio/low_min': '0', 'clip_ratio/high_max': '0', 'step_time': '5.202', 'epoch': '0.4609'}
46%|████▌     | 118/256 [10:17<12:03,  5.24s/it]
46%|████▋     | 119/256 [10:22<11:57,  5.24s/it]
{'loss': '0.0001076', 'grad_norm': '0.0238', 'learning_rate': '5.391e-06', 'num_tokens': '5.881e+04', 'completions/mean_length': '64', 'completions/min_length': '64', 'completions/max_length': '64', 'completions/clipped_ratio': '1', 'completions/mean_terminated_length': '0', 'completions/min_terminated_length': '0', 'completions/max_terminated_length': '0', 'rewards/reward_func/mean': '0', 'rewards/reward_func/std': '0', 'reward': '0', 'reward_std': '0', 'frac_reward_zero_std': '1', 'kl': '0.002691', 'entropy': '0.5085', 'clip_ratio/low_mean': '0', 'clip_ratio/high_mean': '0', 'clip_ratio/region_mean': '0', 'clip_ratio/low_min': '0', 'clip_ratio/high_max': '0', 'step_time': '5.214', 'epoch': '0.4648'}
46%|████▋     | 119/256 [10:22<11:57,  5.24s/it]
47%|████▋     | 120/256 [10:28<11:51,  5.23s/it]
{'loss': '7.083e-05', 'grad_norm': '0.02066', 'learning_rate': '5.352e-06', 'num_tokens': '5.928e+04', 'completions/mean_length': '64', 'completions/min_length': '64', 'completions/max_length': '64', 'completions/clipped_ratio': '1', 'completions/mean_terminated_length': '0', 'completions/min_terminated_length': '0', 'completions/max_terminated_length': '0', 'rewards/reward_func/mean': '0', 'rewards/reward_func/std': '0', 'reward': '0', 'reward_std': '0', 'frac_reward_zero_std': '1', 'kl': '0.001771', 'entropy': '0.304', 'clip_ratio/low_mean': '0', 'clip_ratio/high_mean': '0', 'clip_ratio/region_mean': '0', 'clip_ratio/low_min': '0', 'clip_ratio/high_max': '0', 'step_time': '5.204', 'epoch': '0.4688'}
47%|████▋     | 120/256 [10:28<11:51,  5.23s/it]
47%|████▋     | 121/256 [10:33<11:45,  5.23s/it]
{'loss': '4.012e-05', 'grad_norm': '0.01048', 'learning_rate': '5.313e-06', 'num_tokens': '5.98e+04', 'completions/mean_length': '64', 'completions/min_length': '64', 'completions/max_length': '64', 'completions/clipped_ratio': '1', 'completions/mean_terminated_length': '0', 'completions/min_terminated_length': '0', 'completions/max_terminated_length': '0', 'rewards/reward_func/mean': '0', 'rewards/reward_func/std': '0', 'reward': '0', 'reward_std': '0', 'frac_reward_zero_std': '1', 'kl': '0.001003', 'entropy': '0.214', 'clip_ratio/low_mean': '0', 'clip_ratio/high_mean': '0', 'clip_ratio/region_mean': '0', 'clip_ratio/low_min': '0', 'clip_ratio/high_max': '0', 'step_time': '5.196', 'epoch': '0.4727'}
47%|████▋     | 121/256 [10:33<11:45,  5.23s/it]
48%|████▊     | 122/256 [10:38<11:40,  5.23s/it]
{'loss': '2.986e-05', 'grad_norm': '0.008219', 'learning_rate': '5.273e-06', 'num_tokens': '6.03e+04', 'completions/mean_length': '64', 'completions/min_length': '64', 'completions/max_length': '64', 'completions/clipped_ratio': '1', 'completions/mean_terminated_length': '0', 'completions/min_terminated_length': '0', 'completions/max_terminated_length': '0', 'rewards/reward_func/mean': '0', 'rewards/reward_func/std': '0', 'reward': '0', 'reward_std': '0', 'frac_reward_zero_std': '1', 'kl': '0.0007466', 'entropy': '0.2541', 'clip_ratio/low_mean': '0', 'clip_ratio/high_mean': '0', 'clip_ratio/region_mean': '0', 'clip_ratio/low_min': '0', 'clip_ratio/high_max': '0', 'step_time': '5.208', 'epoch': '0.4766'}
48%|████▊     | 122/256 [10:38<11:40,  5.23s/it]
48%|████▊     | 123/256 [10:43<11:36,  5.24s/it]
{'loss': '8.639e-05', 'grad_norm': '0.01916', 'learning_rate': '5.234e-06', 'num_tokens': '6.075e+04', 'completions/mean_length': '64', 'completions/min_length': '64', 'completions/max_length': '64', 'completions/clipped_ratio': '1', 'completions/mean_terminated_length': '0', 'completions/min_terminated_length': '0', 'completions/max_terminated_length': '0', 'rewards/reward_func/mean': '0', 'rewards/reward_func/std': '0', 'reward': '0', 'reward_std': '0', 'frac_reward_zero_std': '1', 'kl': '0.00216', 'entropy': '0.4557', 'clip_ratio/low_mean': '0', 'clip_ratio/high_mean': '0', 'clip_ratio/region_mean': '0', 'clip_ratio/low_min': '0', 'clip_ratio/high_max': '0', 'step_time': '5.242', 'epoch': '0.4805'}
48%|████▊     | 123/256 [10:43<11:36,  5.24s/it]
48%|████▊     | 124/256 [10:49<11:31,  5.24s/it]
{'loss': '3.218e-05', 'grad_norm': '0.01347', 'learning_rate': '5.195e-06', 'num_tokens': '6.124e+04', 'completions/mean_length': '64', 'completions/min_length': '64', 'completions/max_length': '64', 'completions/clipped_ratio': '1', 'completions/mean_terminated_length': '0', 'completions/min_terminated_length': '0', 'completions/max_terminated_length': '0', 'rewards/reward_func/mean': '0', 'rewards/reward_func/std': '0', 'reward': '0', 'reward_std': '0', 'frac_reward_zero_std': '1', 'kl': '0.0008045', 'entropy': '0.2233', 'clip_ratio/low_mean': '0', 'clip_ratio/high_mean': '0', 'clip_ratio/region_mean': '0', 'clip_ratio/low_min': '0', 'clip_ratio/high_max': '0', 'step_time': '5.219', 'epoch': '0.4844'}
48%|████▊     | 124/256 [10:49<11:31,  5.24s/it]
49%|████▉     | 125/256 [10:54<11:25,  5.23s/it]
{'loss': '7.72e-05', 'grad_norm': '0.02022', 'learning_rate': '5.156e-06', 'num_tokens': '6.171e+04', 'completions/mean_length': '64', 'completions/min_length': '64', 'completions/max_length': '64', 'completions/clipped_ratio': '1', 'completions/mean_terminated_length': '0', 'completions/min_terminated_length': '0', 'completions/max_terminated_length': '0', 'rewards/reward_func/mean': '0', 'rewards/reward_func/std': '0', 'reward': '0', 'reward_std': '0', 'frac_reward_zero_std': '1', 'kl': '0.00193', 'entropy': '0.2262', 'clip_ratio/low_mean': '0', 'clip_ratio/high_mean': '0', 'clip_ratio/region_mean': '0', 'clip_ratio/low_min': '0', 'clip_ratio/high_max': '0', 'step_time': '5.212', 'epoch': '0.4883'}
49%|████▉     | 125/256 [10:54<11:25,  5.23s/it]
49%|████▉     | 126/256 [10:59<11:18,  5.22s/it]
{'loss': '5.831e-05', 'grad_norm': '0.01819', 'learning_rate': '5.117e-06', 'num_tokens': '6.22e+04', 'completions/mean_length': '64', 'completions/min_length': '64', 'completions/max_length': '64', 'completions/clipped_ratio': '1', 'completions/mean_terminated_length': '0', 'completions/min_terminated_length': '0', 'completions/max_terminated_length': '0', 'rewards/reward_func/mean': '0', 'rewards/reward_func/std': '0', 'reward': '0', 'reward_std': '0', 'frac_reward_zero_std': '1', 'kl': '0.001458', 'entropy': '0.3621', 'clip_ratio/low_mean': '0', 'clip_ratio/high_mean': '0', 'clip_ratio/region_mean': '0', 'clip_ratio/low_min': '0', 'clip_ratio/high_max': '0', 'step_time': '5.162', 'epoch': '0.4922'}
49%|████▉     | 126/256 [10:59<11:18,  5.22s/it]
50%|████▉     | 127/256 [11:04<11:13,  5.22s/it]
{'loss': '6.922e-05', 'grad_norm': '0.0186', 'learning_rate': '5.078e-06', 'num_tokens': '6.27e+04', 'completions/mean_length': '64', 'completions/min_length': '64', 'completions/max_length': '64', 'completions/clipped_ratio': '1', 'completions/mean_terminated_length': '0', 'completions/min_terminated_length': '0', 'completions/max_terminated_length': '0', 'rewards/reward_func/mean': '0', 'rewards/reward_func/std': '0', 'reward': '0', 'reward_std': '0', 'frac_reward_zero_std': '1', 'kl': '0.001731', 'entropy': '0.3487', 'clip_ratio/low_mean': '0', 'clip_ratio/high_mean': '0', 'clip_ratio/region_mean': '0', 'clip_ratio/low_min': '0', 'clip_ratio/high_max': '0', 'step_time': '5.208', 'epoch': '0.4961'}
50%|████▉     | 127/256 [11:04<11:13,  5.22s/it]
50%|█████     | 128/256 [11:10<11:14,  5.27s/it]
{'loss': '0.0001596', 'grad_norm': '0.03202', 'learning_rate': '5.039e-06', 'num_tokens': '6.313e+04', 'completions/mean_length': '64', 'completions/min_length': '64', 'completions/max_length': '64', 'completions/clipped_ratio': '1', 'completions/mean_terminated_length': '0', 'completions/min_terminated_length': '0', 'completions/max_terminated_length': '0', 'rewards/reward_func/mean': '0', 'rewards/reward_func/std': '0', 'reward': '0', 'reward_std': '0', 'frac_reward_zero_std': '1', 'kl': '0.00399', 'entropy': '0.5835', 'clip_ratio/low_mean': '0', 'clip_ratio/high_mean': '0', 'clip_ratio/region_mean': '0', 'clip_ratio/low_min': '0', 'clip_ratio/high_max': '0', 'step_time': '5.378', 'epoch': '0.5'}
50%|█████     | 128/256 [11:10<11:14,  5.27s/it]
50%|█████     | 129/256 [11:15<11:07,  5.26s/it]
{'loss': '8.176e-05', 'grad_norm': '0.01912', 'learning_rate': '5e-06', 'num_tokens': '6.363e+04', 'completions/mean_length': '64', 'completions/min_length': '64', 'completions/max_length': '64', 'completions/clipped_ratio': '1', 'completions/mean_terminated_length': '0', 'completions/min_terminated_length': '0', 'completions/max_terminated_length': '0', 'rewards/reward_func/mean': '0', 'rewards/reward_func/std': '0', 'reward': '0', 'reward_std': '0', 'frac_reward_zero_std': '1', 'kl': '0.002044', 'entropy': '0.2603', 'clip_ratio/low_mean': '0', 'clip_ratio/high_mean': '0', 'clip_ratio/region_mean': '0', 'clip_ratio/low_min': '0', 'clip_ratio/high_max': '0', 'step_time': '5.2', 'epoch': '0.5039'}
50%|█████     | 129/256 [11:15<11:07,  5.26s/it]
51%|█████     | 130/256 [11:20<11:01,  5.25s/it]
{'loss': '2.714e-05', 'grad_norm': '0.01163', 'learning_rate': '4.961e-06', 'num_tokens': '6.412e+04', 'completions/mean_length': '64', 'completions/min_length': '64', 'completions/max_length': '64', 'completions/clipped_ratio': '1', 'completions/mean_terminated_length': '0', 'completions/min_terminated_length': '0', 'completions/max_terminated_length': '0', 'rewards/reward_func/mean': '0', 'rewards/reward_func/std': '0', 'reward': '0', 'reward_std': '0', 'frac_reward_zero_std': '1', 'kl': '0.0006786', 'entropy': '0.1614', 'clip_ratio/low_mean': '0', 'clip_ratio/high_mean': '0', 'clip_ratio/region_mean': '0', 'clip_ratio/low_min': '0', 'clip_ratio/high_max': '0', 'step_time': '5.219', 'epoch': '0.5078'}
51%|█████     | 130/256 [11:20<11:01,  5.25s/it]
51%|█████     | 131/256 [11:25<10:55,  5.25s/it]
{'loss': '4.313e-05', 'grad_norm': '0.01242', 'learning_rate': '4.922e-06', 'num_tokens': '6.459e+04', 'completions/mean_length': '64', 'completions/min_length': '64', 'completions/max_length': '64', 'completions/clipped_ratio': '1', 'completions/mean_terminated_length': '0', 'completions/min_terminated_length': '0', 'completions/max_terminated_length': '0', 'rewards/reward_func/mean': '0', 'rewards/reward_func/std': '0', 'reward': '0', 'reward_std': '0', 'frac_reward_zero_std': '1', 'kl': '0.001078', 'entropy': '0.2058', 'clip_ratio/low_mean': '0', 'clip_ratio/high_mean': '0', 'clip_ratio/region_mean': '0', 'clip_ratio/low_min': '0', 'clip_ratio/high_max': '0', 'step_time': '5.223', 'epoch': '0.5117'}
51%|█████     | 131/256 [11:25<10:55,  5.25s/it]
52%|█████▏    | 132/256 [11:31<10:50,  5.25s/it]
52%|█████▏    | 132/256 [11:31<10:50,  5.25s/it]
{'loss': '5.405e-05', 'grad_norm': '0.01545', 'learning_rate': '4.883e-06', 'num_tokens': '6.508e+04', 'completions/mean_length': '64', 'completions/min_length': '64', 'completions/max_length': '64', 'completions/clipped_ratio': '1', 'completions/mean_terminated_length': '0', 'completions/min_terminated_length': '0', 'completions/max_terminated_length': '0', 'rewards/reward_func/mean': '0', 'rewards/reward_func/std': '0', 'reward': '0', 'reward_std': '0', 'frac_reward_zero_std': '1', 'kl': '0.001351', 'entropy': '0.3367', 'clip_ratio/low_mean': '0', 'clip_ratio/high_mean': '0', 'clip_ratio/region_mean': '0', 'clip_ratio/low_min': '0', 'clip_ratio/high_max': '0', 'step_time': '5.226', 'epoch': '0.5156'}
52%|█████▏    | 133/256 [11:36<10:44,  5.24s/it]
{'loss': '2.55e-05', 'grad_norm': '0.009535', 'learning_rate': '4.844e-06', 'num_tokens': '6.553e+04', 'completions/mean_length': '64', 'completions/min_length': '64', 'completions/max_length': '64', 'completions/clipped_ratio': '1', 'completions/mean_terminated_length': '0', 'completions/min_terminated_length': '0', 'completions/max_terminated_length': '0', 'rewards/reward_func/mean': '0', 'rewards/reward_func/std': '0', 'reward': '0', 'reward_std': '0', 'frac_reward_zero_std': '1', 'kl': '0.0006374', 'entropy': '0.2123', 'clip_ratio/low_mean': '0', 'clip_ratio/high_mean': '0', 'clip_ratio/region_mean': '0', 'clip_ratio/low_min': '0', 'clip_ratio/high_max': '0', 'step_time': '5.215', 'epoch': '0.5195'}
52%|█████▏    | 133/256 [11:36<10:44,  5.24s/it]
52%|█████▏    | 134/256 [11:41<10:39,  5.24s/it]
{'loss': '4.167e-05', 'grad_norm': '0.01145', 'learning_rate': '4.805e-06', 'num_tokens': '6.602e+04', 'completions/mean_length': '64', 'completions/min_length': '64', 'completions/max_length': '64', 'completions/clipped_ratio': '1', 'completions/mean_terminated_length': '0', 'completions/min_terminated_length': '0', 'completions/max_terminated_length': '0', 'rewards/reward_func/mean': '0', 'rewards/reward_func/std': '0', 'reward': '0', 'reward_std': '0', 'frac_reward_zero_std': '1', 'kl': '0.001042', 'entropy': '0.2499', 'clip_ratio/low_mean': '0', 'clip_ratio/high_mean': '0', 'clip_ratio/region_mean': '0', 'clip_ratio/low_min': '0', 'clip_ratio/high_max': '0', 'step_time': '5.215', 'epoch': '0.5234'}
52%|█████▏    | 134/256 [11:41<10:39,  5.24s/it]
53%|█████▎    | 135/256 [11:46<10:33,  5.24s/it]
{'loss': '6.303e-05', 'grad_norm': '0.01591', 'learning_rate': '4.766e-06', 'num_tokens': '6.648e+04', 'completions/mean_length': '64', 'completions/min_length': '64', 'completions/max_length': '64', 'completions/clipped_ratio': '1', 'completions/mean_terminated_length': '0', 'completions/min_terminated_length': '0', 'completions/max_terminated_length': '0', 'rewards/reward_func/mean': '0', 'rewards/reward_func/std': '0', 'reward': '0', 'reward_std': '0', 'frac_reward_zero_std': '1', 'kl': '0.001576', 'entropy': '0.4358', 'clip_ratio/low_mean': '0', 'clip_ratio/high_mean': '0', 'clip_ratio/region_mean': '0', 'clip_ratio/low_min': '0', 'clip_ratio/high_max': '0', 'step_time': '5.213', 'epoch': '0.5273'}
53%|█████▎    | 135/256 [11:46<10:33,  5.24s/it]
53%|█████▎    | 136/256 [11:51<10:26,  5.22s/it]
{'loss': '8.967e-05', 'grad_norm': '0.02523', 'learning_rate': '4.727e-06', 'num_tokens': '6.692e+04', 'completions/mean_length': '64', 'completions/min_length': '64', 'completions/max_length': '64', 'completions/clipped_ratio': '1', 'completions/mean_terminated_length': '0', 'completions/min_terminated_length': '0', 'completions/max_terminated_length': '0', 'rewards/reward_func/mean': '0', 'rewards/reward_func/std': '0', 'reward': '0', 'reward_std': '0', 'frac_reward_zero_std': '1', 'kl': '0.002242', 'entropy': '0.3859', 'clip_ratio/low_mean': '0', 'clip_ratio/high_mean': '0', 'clip_ratio/region_mean': '0', 'clip_ratio/low_min': '0', 'clip_ratio/high_max': '0', 'step_time': '5.169', 'epoch': '0.5312'}
53%|█████▎    | 136/256 [11:51<10:26,  5.22s/it]
54%|█████▎    | 137/256 [11:57<10:20,  5.21s/it]
{'loss': '4.247e-05', 'grad_norm': '0.01409', 'learning_rate': '4.688e-06', 'num_tokens': '6.74e+04', 'completions/mean_length': '64', 'completions/min_length': '64', 'completions/max_length': '64', 'completions/clipped_ratio': '1', 'completions/mean_terminated_length': '0', 'completions/min_terminated_length': '0', 'completions/max_terminated_length': '0', 'rewards/reward_func/mean': '0', 'rewards/reward_func/std': '0', 'reward': '0', 'reward_std': '0', 'frac_reward_zero_std': '1', 'kl': '0.001062', 'entropy': '0.3876', 'clip_ratio/low_mean': '0', 'clip_ratio/high_mean': '0', 'clip_ratio/region_mean': '0', 'clip_ratio/low_min': '0', 'clip_ratio/high_max': '0', 'step_time': '5.176', 'epoch': '0.5352'}
54%|█████▎    | 137/256 [11:57<10:20,  5.21s/it]
54%|█████▍    | 138/256 [12:02<10:14,  5.21s/it]
{'loss': '3.456e-05', 'grad_norm': '0.01129', 'learning_rate': '4.648e-06', 'num_tokens': '6.791e+04', 'completions/mean_length': '64', 'completions/min_length': '64', 'completions/max_length': '64', 'completions/clipped_ratio': '1', 'completions/mean_terminated_length': '0', 'completions/min_terminated_length': '0', 'completions/max_terminated_length': '0', 'rewards/reward_func/mean': '0', 'rewards/reward_func/std': '0', 'reward': '0', 'reward_std': '0', 'frac_reward_zero_std': '1', 'kl': '0.0008639', 'entropy': '0.1552', 'clip_ratio/low_mean': '0', 'clip_ratio/high_mean': '0', 'clip_ratio/region_mean': '0', 'clip_ratio/low_min': '0', 'clip_ratio/high_max': '0', 'step_time': '5.174', 'epoch': '0.5391'}
54%|█████▍    | 138/256 [12:02<10:14,  5.21s/it]
54%|█████▍    | 139/256 [12:07<10:14,  5.26s/it]
{'loss': '6.534e-05', 'grad_norm': '0.02031', 'learning_rate': '4.609e-06', 'num_tokens': '6.844e+04', 'completions/mean_length': '64', 'completions/min_length': '64', 'completions/max_length': '64', 'completions/clipped_ratio': '1', 'completions/mean_terminated_length': '0', 'completions/min_terminated_length': '0', 'completions/max_terminated_length': '0', 'rewards/reward_func/mean': '0', 'rewards/reward_func/std': '0', 'reward': '0', 'reward_std': '0', 'frac_reward_zero_std': '1', 'kl': '0.001634', 'entropy': '0.3332', 'clip_ratio/low_mean': '0', 'clip_ratio/high_mean': '0', 'clip_ratio/region_mean': '0', 'clip_ratio/low_min': '0', 'clip_ratio/high_max': '0', 'step_time': '5.354', 'epoch': '0.543'}
54%|█████▍    | 139/256 [12:07<10:14,  5.26s/it]
55%|█████▍    | 140/256 [12:13<10:10,  5.26s/it]
{'loss': '2.23e-05', 'grad_norm': '0.01006', 'learning_rate': '4.57e-06', 'num_tokens': '6.895e+04', 'completions/mean_length': '64', 'completions/min_length': '64', 'completions/max_length': '64', 'completions/clipped_ratio': '1', 'completions/mean_terminated_length': '0', 'completions/min_terminated_length': '0', 'completions/max_terminated_length': '0', 'rewards/reward_func/mean': '0', 'rewards/reward_func/std': '0', 'reward': '0', 'reward_std': '0', 'frac_reward_zero_std': '1', 'kl': '0.0005576', 'entropy': '0.09463', 'clip_ratio/low_mean': '0', 'clip_ratio/high_mean': '0', 'clip_ratio/region_mean': '0', 'clip_ratio/low_min': '0', 'clip_ratio/high_max': '0', 'step_time': '5.253', 'epoch': '0.5469'}
55%|█████▍    | 140/256 [12:13<10:10,  5.26s/it]
55%|█████▌    | 141/256 [12:18<10:03,  5.25s/it]
{'loss': '0.0001821', 'grad_norm': '0.03182', 'learning_rate': '4.531e-06', 'num_tokens': '6.942e+04', 'completions/mean_length': '64', 'completions/min_length': '64', 'completions/max_length': '64', 'completions/clipped_ratio': '1', 'completions/mean_terminated_length': '0', 'completions/min_terminated_length': '0', 'completions/max_terminated_length': '0', 'rewards/reward_func/mean': '0', 'rewards/reward_func/std': '0', 'reward': '0', 'reward_std': '0', 'frac_reward_zero_std': '1', 'kl': '0.004552', 'entropy': '0.3329', 'clip_ratio/low_mean': '0', 'clip_ratio/high_mean': '0', 'clip_ratio/region_mean': '0', 'clip_ratio/low_min': '0', 'clip_ratio/high_max': '0', 'step_time': '5.202', 'epoch': '0.5508'}
55%|█████▌    | 141/256 [12:18<10:03,  5.25s/it]
55%|█████▌    | 142/256 [12:23<09:57,  5.24s/it]
{'loss': '5.792e-05', 'grad_norm': '0.017', 'learning_rate': '4.492e-06', 'num_tokens': '6.99e+04', 'completions/mean_length': '64', 'completions/min_length': '64', 'completions/max_length': '64', 'completions/clipped_ratio': '1', 'completions/mean_terminated_length': '0', 'completions/min_terminated_length': '0', 'completions/max_terminated_length': '0', 'rewards/reward_func/mean': '0', 'rewards/reward_func/std': '0', 'reward': '0', 'reward_std': '0', 'frac_reward_zero_std': '1', 'kl': '0.001448', 'entropy': '0.4177', 'clip_ratio/low_mean': '0', 'clip_ratio/high_mean': '0', 'clip_ratio/region_mean': '0', 'clip_ratio/low_min': '0', 'clip_ratio/high_max': '0', 'step_time': '5.202', 'epoch': '0.5547'}
55%|█████▌    | 142/256 [12:23<09:57,  5.24s/it]
56%|█████▌    | 143/256 [12:28<09:51,  5.23s/it]
{'loss': '1.523e-05', 'grad_norm': '0.01152', 'learning_rate': '4.453e-06', 'num_tokens': '7.042e+04', 'completions/mean_length': '64', 'completions/min_length': '64', 'completions/max_length': '64', 'completions/clipped_ratio': '1', 'completions/mean_terminated_length': '0', 'completions/min_terminated_length': '0', 'completions/max_terminated_length': '0', 'rewards/reward_func/mean': '0', 'rewards/reward_func/std': '0', 'reward': '0', 'reward_std': '0', 'frac_reward_zero_std': '1', 'kl': '0.0003808', 'entropy': '0.08358', 'clip_ratio/low_mean': '0', 'clip_ratio/high_mean': '0', 'clip_ratio/region_mean': '0', 'clip_ratio/low_min': '0', 'clip_ratio/high_max': '0', 'step_time': '5.203', 'epoch': '0.5586'}
56%|█████▌    | 143/256 [12:28<09:51,  5.23s/it]
56%|█████▋    | 144/256 [12:33<09:45,  5.23s/it]
{'loss': '3.262e-05', 'grad_norm': '0.01174', 'learning_rate': '4.414e-06', 'num_tokens': '7.095e+04', 'completions/mean_length': '64', 'completions/min_length': '64', 'completions/max_length': '64', 'completions/clipped_ratio': '1', 'completions/mean_terminated_length': '0', 'completions/min_terminated_length': '0', 'completions/max_terminated_length': '0', 'rewards/reward_func/mean': '0', 'rewards/reward_func/std': '0', 'reward': '0', 'reward_std': '0', 'frac_reward_zero_std': '1', 'kl': '0.0008155', 'entropy': '0.2927', 'clip_ratio/low_mean': '0', 'clip_ratio/high_mean': '0', 'clip_ratio/region_mean': '0', 'clip_ratio/low_min': '0', 'clip_ratio/high_max': '0', 'step_time': '5.199', 'epoch': '0.5625'}
56%|█████▋    | 144/256 [12:33<09:45,  5.23s/it]
57%|█████▋    | 145/256 [12:39<09:39,  5.22s/it]
{'loss': '4.989e-05', 'grad_norm': '2.279', 'learning_rate': '4.375e-06', 'num_tokens': '7.148e+04', 'completions/mean_length': '64', 'completions/min_length': '64', 'completions/max_length': '64', 'completions/clipped_ratio': '1', 'completions/mean_terminated_length': '0', 'completions/min_terminated_length': '0', 'completions/max_terminated_length': '0', 'rewards/reward_func/mean': '0.0625', 'rewards/reward_func/std': '0.125', 'reward': '0.0625', 'reward_std': '0.125', 'frac_reward_zero_std': '0', 'kl': '0.001248', 'entropy': '0.4591', 'clip_ratio/low_mean': '0', 'clip_ratio/high_mean': '0', 'clip_ratio/region_mean': '0', 'clip_ratio/low_min': '0', 'clip_ratio/high_max': '0', 'step_time': '5.19', 'epoch': '0.5664'}
57%|█████▋    | 145/256 [12:39<09:39,  5.22s/it]
57%|█████▋    | 146/256 [12:44<09:33,  5.22s/it]
57%|█████▋    | 146/256 [12:44<09:33,  5.22s/it]
{'loss': '1.702e-05', 'grad_norm': '0.009298', 'learning_rate': '4.336e-06', 'num_tokens': '7.2e+04', 'completions/mean_length': '64', 'completions/min_length': '64', 'completions/max_length': '64', 'completions/clipped_ratio': '1', 'completions/mean_terminated_length': '0', 'completions/min_terminated_length': '0', 'completions/max_terminated_length': '0', 'rewards/reward_func/mean': '0', 'rewards/reward_func/std': '0', 'reward': '0', 'reward_std': '0', 'frac_reward_zero_std': '1', 'kl': '0.0004254', 'entropy': '0.05757', 'clip_ratio/low_mean': '0', 'clip_ratio/high_mean': '0', 'clip_ratio/region_mean': '0', 'clip_ratio/low_min': '0', 'clip_ratio/high_max': '0', 'step_time': '5.186', 'epoch': '0.5703'}
57%|█████▋    | 147/256 [12:49<09:28,  5.22s/it]
{'loss': '5.017e-05', 'grad_norm': '0.01495', 'learning_rate': '4.297e-06', 'num_tokens': '7.25e+04', 'completions/mean_length': '64', 'completions/min_length': '64', 'completions/max_length': '64', 'completions/clipped_ratio': '1', 'completions/mean_terminated_length': '0', 'completions/min_terminated_length': '0', 'completions/max_terminated_length': '0', 'rewards/reward_func/mean': '0', 'rewards/reward_func/std': '0', 'reward': '0', 'reward_std': '0', 'frac_reward_zero_std': '1', 'kl': '0.001254', 'entropy': '0.2237', 'clip_ratio/low_mean': '0', 'clip_ratio/high_mean': '0', 'clip_ratio/region_mean': '0', 'clip_ratio/low_min': '0', 'clip_ratio/high_max': '0', 'step_time': '5.206', 'epoch': '0.5742'}
57%|█████▋    | 147/256 [12:49<09:28,  5.22s/it]
58%|█████▊    | 148/256 [12:54<09:24,  5.22s/it]
58%|█████▊    | 148/256 [12:54<09:24,  5.22s/it]
{'loss': '3.969e-05', 'grad_norm': '0.01127', 'learning_rate': '4.258e-06', 'num_tokens': '7.3e+04', 'completions/mean_length': '64', 'completions/min_length': '64', 'completions/max_length': '64', 'completions/clipped_ratio': '1', 'completions/mean_terminated_length': '0', 'completions/min_terminated_length': '0', 'completions/max_terminated_length': '0', 'rewards/reward_func/mean': '0', 'rewards/reward_func/std': '0', 'reward': '0', 'reward_std': '0', 'frac_reward_zero_std': '1', 'kl': '0.0009924', 'entropy': '0.3317', 'clip_ratio/low_mean': '0', 'clip_ratio/high_mean': '0', 'clip_ratio/region_mean': '0', 'clip_ratio/low_min': '0', 'clip_ratio/high_max': '0', 'step_time': '5.214', 'epoch': '0.5781'}
58%|█████▊    | 149/256 [13:00<09:19,  5.23s/it]
{'loss': '1.449e-05', 'grad_norm': '0.005763', 'learning_rate': '4.219e-06', 'num_tokens': '7.354e+04', 'completions/mean_length': '64', 'completions/min_length': '64', 'completions/max_length': '64', 'completions/clipped_ratio': '1', 'completions/mean_terminated_length': '0', 'completions/min_terminated_length': '0', 'completions/max_terminated_length': '0', 'rewards/reward_func/mean': '0', 'rewards/reward_func/std': '0', 'reward': '0', 'reward_std': '0', 'frac_reward_zero_std': '1', 'kl': '0.0003622', 'entropy': '0.08154', 'clip_ratio/low_mean': '0', 'clip_ratio/high_mean': '0', 'clip_ratio/region_mean': '0', 'clip_ratio/low_min': '0', 'clip_ratio/high_max': '0', 'step_time': '5.242', 'epoch': '0.582'}
58%|█████▊    | 149/256 [13:00<09:19,  5.23s/it]
59%|█████▊    | 150/256 [13:05<09:21,  5.30s/it]
{'loss': '5.393e-05', 'grad_norm': '0.01213', 'learning_rate': '4.18e-06', 'num_tokens': '7.398e+04', 'completions/mean_length': '64', 'completions/min_length': '64', 'completions/max_length': '64', 'completions/clipped_ratio': '1', 'completions/mean_terminated_length': '0', 'completions/min_terminated_length': '0', 'completions/max_terminated_length': '0', 'rewards/reward_func/mean': '0', 'rewards/reward_func/std': '0', 'reward': '0', 'reward_std': '0', 'frac_reward_zero_std': '1', 'kl': '0.001348', 'entropy': '0.576', 'clip_ratio/low_mean': '0', 'clip_ratio/high_mean': '0', 'clip_ratio/region_mean': '0', 'clip_ratio/low_min': '0', 'clip_ratio/high_max': '0', 'step_time': '5.423', 'epoch': '0.5859'}
59%|█████▊    | 150/256 [13:05<09:21,  5.30s/it]
59%|█████▉    | 151/256 [13:10<09:13,  5.27s/it]
{'loss': '1.786e-05', 'grad_norm': '0.01088', 'learning_rate': '4.141e-06', 'num_tokens': '7.452e+04', 'completions/mean_length': '64', 'completions/min_length': '64', 'completions/max_length': '64', 'completions/clipped_ratio': '1', 'completions/mean_terminated_length': '0', 'completions/min_terminated_length': '0', 'completions/max_terminated_length': '0', 'rewards/reward_func/mean': '0', 'rewards/reward_func/std': '0', 'reward': '0', 'reward_std': '0', 'frac_reward_zero_std': '1', 'kl': '0.0004464', 'entropy': '0.1436', 'clip_ratio/low_mean': '0', 'clip_ratio/high_mean': '0', 'clip_ratio/region_mean': '0', 'clip_ratio/low_min': '0', 'clip_ratio/high_max': '0', 'step_time': '5.203', 'epoch': '0.5898'}
59%|█████▉    | 151/256 [13:10<09:13,  5.27s/it]
59%|█████▉    | 152/256 [13:15<09:07,  5.26s/it]
{'loss': '6.438e-05', 'grad_norm': '0.01803', 'learning_rate': '4.102e-06', 'num_tokens': '7.496e+04', 'completions/mean_length': '64', 'completions/min_length': '64', 'completions/max_length': '64', 'completions/clipped_ratio': '1', 'completions/mean_terminated_length': '0', 'completions/min_terminated_length': '0', 'completions/max_terminated_length': '0', 'rewards/reward_func/mean': '0', 'rewards/reward_func/std': '0', 'reward': '0', 'reward_std': '0', 'frac_reward_zero_std': '1', 'kl': '0.001609', 'entropy': '0.3666', 'clip_ratio/low_mean': '0', 'clip_ratio/high_mean': '0', 'clip_ratio/region_mean': '0', 'clip_ratio/low_min': '0', 'clip_ratio/high_max': '0', 'step_time': '5.214', 'epoch': '0.5938'}
59%|█████▉    | 152/256 [13:15<09:07,  5.26s/it]
60%|█████▉    | 153/256 [13:21<09:00,  5.25s/it]
{'loss': '0.000101', 'grad_norm': '0.01819', 'learning_rate': '4.063e-06', 'num_tokens': '7.541e+04', 'completions/mean_length': '64', 'completions/min_length': '64', 'completions/max_length': '64', 'completions/clipped_ratio': '1', 'completions/mean_terminated_length': '0', 'completions/min_terminated_length': '0', 'completions/max_terminated_length': '0', 'rewards/reward_func/mean': '0', 'rewards/reward_func/std': '0', 'reward': '0', 'reward_std': '0', 'frac_reward_zero_std': '1', 'kl': '0.002524', 'entropy': '0.4883', 'clip_ratio/low_mean': '0', 'clip_ratio/high_mean': '0', 'clip_ratio/region_mean': '0', 'clip_ratio/low_min': '0', 'clip_ratio/high_max': '0', 'step_time': '5.208', 'epoch': '0.5977'}
60%|█████▉    | 153/256 [13:21<09:00,  5.25s/it]
60%|██████    | 154/256 [13:26<08:53,  5.23s/it]
{'loss': '3.808e-05', 'grad_norm': '0.01078', 'learning_rate': '4.023e-06', 'num_tokens': '7.591e+04', 'completions/mean_length': '64', 'completions/min_length': '64', 'completions/max_length': '64', 'completions/clipped_ratio': '1', 'completions/mean_terminated_length': '0', 'completions/min_terminated_length': '0', 'completions/max_terminated_length': '0', 'rewards/reward_func/mean': '0', 'rewards/reward_func/std': '0', 'reward': '0', 'reward_std': '0', 'frac_reward_zero_std': '1', 'kl': '0.000952', 'entropy': '0.297', 'clip_ratio/low_mean': '0', 'clip_ratio/high_mean': '0', 'clip_ratio/region_mean': '0', 'clip_ratio/low_min': '0', 'clip_ratio/high_max': '0', 'step_time': '5.16', 'epoch': '0.6016'}
60%|██████    | 154/256 [13:26<08:53,  5.23s/it]
61%|██████    | 155/256 [13:31<08:46,  5.21s/it]
{'loss': '8.499e-05', 'grad_norm': '0.03926', 'learning_rate': '3.984e-06', 'num_tokens': '7.64e+04', 'completions/mean_length': '64', 'completions/min_length': '64', 'completions/max_length': '64', 'completions/clipped_ratio': '1', 'completions/mean_terminated_length': '0', 'completions/min_terminated_length': '0', 'completions/max_terminated_length': '0', 'rewards/reward_func/mean': '0', 'rewards/reward_func/std': '0', 'reward': '0', 'reward_std': '0', 'frac_reward_zero_std': '1', 'kl': '0.002125', 'entropy': '0.1818', 'clip_ratio/low_mean': '0', 'clip_ratio/high_mean': '0', 'clip_ratio/region_mean': '0', 'clip_ratio/low_min': '0', 'clip_ratio/high_max': '0', 'step_time': '5.167', 'epoch': '0.6055'}
61%|██████    | 155/256 [13:31<08:46,  5.21s/it]
61%|██████    | 156/256 [13:36<08:41,  5.22s/it]
{'loss': '1.437e-05', 'grad_norm': '0.007548', 'learning_rate': '3.945e-06', 'num_tokens': '7.694e+04', 'completions/mean_length': '64', 'completions/min_length': '64', 'completions/max_length': '64', 'completions/clipped_ratio': '1', 'completions/mean_terminated_length': '0', 'completions/min_terminated_length': '0', 'completions/max_terminated_length': '0', 'rewards/reward_func/mean': '0', 'rewards/reward_func/std': '0', 'reward': '0', 'reward_std': '0', 'frac_reward_zero_std': '1', 'kl': '0.0003592', 'entropy': '0.08866', 'clip_ratio/low_mean': '0', 'clip_ratio/high_mean': '0', 'clip_ratio/region_mean': '0', 'clip_ratio/low_min': '0', 'clip_ratio/high_max': '0', 'step_time': '5.205', 'epoch': '0.6094'}
61%|██████    | 156/256 [13:36<08:41,  5.22s/it]
61%|██████▏   | 157/256 [13:42<08:38,  5.24s/it]
{'loss': '8.07e-05', 'grad_norm': '0.02731', 'learning_rate': '3.906e-06', 'num_tokens': '7.749e+04', 'completions/mean_length': '64', 'completions/min_length': '64', 'completions/max_length': '64', 'completions/clipped_ratio': '1', 'completions/mean_terminated_length': '0', 'completions/min_terminated_length': '0', 'completions/max_terminated_length': '0', 'rewards/reward_func/mean': '0', 'rewards/reward_func/std': '0', 'reward': '0', 'reward_std': '0', 'frac_reward_zero_std': '1', 'kl': '0.002018', 'entropy': '0.4069', 'clip_ratio/low_mean': '0', 'clip_ratio/high_mean': '0', 'clip_ratio/region_mean': '0', 'clip_ratio/low_min': '0', 'clip_ratio/high_max': '0', 'step_time': '5.284', 'epoch': '0.6133'}
61%|██████▏   | 157/256 [13:42<08:38,  5.24s/it]
62%|██████▏   | 158/256 [13:47<08:31,  5.22s/it]
{'loss': '4.438e-05', 'grad_norm': '0.01404', 'learning_rate': '3.867e-06', 'num_tokens': '7.797e+04', 'completions/mean_length': '64', 'completions/min_length': '64', 'completions/max_length': '64', 'completions/clipped_ratio': '1', 'completions/mean_terminated_length': '0', 'completions/min_terminated_length': '0', 'completions/max_terminated_length': '0', 'rewards/reward_func/mean': '0', 'rewards/reward_func/std': '0', 'reward': '0', 'reward_std': '0', 'frac_reward_zero_std': '1', 'kl': '0.001109', 'entropy': '0.2952', 'clip_ratio/low_mean': '0', 'clip_ratio/high_mean': '0', 'clip_ratio/region_mean': '0', 'clip_ratio/low_min': '0', 'clip_ratio/high_max': '0', 'step_time': '5.16', 'epoch': '0.6172'}
62%|██████▏   | 158/256 [13:47<08:31,  5.22s/it]
62%|██████▏   | 159/256 [13:52<08:25,  5.21s/it]
{'loss': '5.509e-05', 'grad_norm': '0.01536', 'learning_rate': '3.828e-06', 'num_tokens': '7.851e+04', 'completions/mean_length': '64', 'completions/min_length': '64', 'completions/max_length': '64', 'completions/clipped_ratio': '1', 'completions/mean_terminated_length': '0', 'completions/min_terminated_length': '0', 'completions/max_terminated_length': '0', 'rewards/reward_func/mean': '0', 'rewards/reward_func/std': '0', 'reward': '0', 'reward_std': '0', 'frac_reward_zero_std': '1', 'kl': '0.001377', 'entropy': '0.36', 'clip_ratio/low_mean': '0', 'clip_ratio/high_mean': '0', 'clip_ratio/region_mean': '0', 'clip_ratio/low_min': '0', 'clip_ratio/high_max': '0', 'step_time': '5.158', 'epoch': '0.6211'}
62%|██████▏   | 159/256 [13:52<08:25,  5.21s/it]
62%|██████▎   | 160/256 [13:57<08:19,  5.20s/it]
{'loss': '4.806e-05', 'grad_norm': '0.01753', 'learning_rate': '3.789e-06', 'num_tokens': '7.904e+04', 'completions/mean_length': '64', 'completions/min_length': '64', 'completions/max_length': '64', 'completions/clipped_ratio': '1', 'completions/mean_terminated_length': '0', 'completions/min_terminated_length': '0', 'completions/max_terminated_length': '0', 'rewards/reward_func/mean': '0', 'rewards/reward_func/std': '0', 'reward': '0', 'reward_std': '0', 'frac_reward_zero_std': '1', 'kl': '0.001201', 'entropy': '0.1849', 'clip_ratio/low_mean': '0', 'clip_ratio/high_mean': '0', 'clip_ratio/region_mean': '0', 'clip_ratio/low_min': '0', 'clip_ratio/high_max': '0', 'step_time': '5.16', 'epoch': '0.625'}
62%|██████▎   | 160/256 [13:57<08:19,  5.20s/it]
63%|██████▎   | 161/256 [14:02<08:14,  5.20s/it]
{'loss': '1.058e-05', 'grad_norm': '0.006768', 'learning_rate': '3.75e-06', 'num_tokens': '7.955e+04', 'completions/mean_length': '64', 'completions/min_length': '64', 'completions/max_length': '64', 'completions/clipped_ratio': '1', 'completions/mean_terminated_length': '0', 'completions/min_terminated_length': '0', 'completions/max_terminated_length': '0', 'rewards/reward_func/mean': '0', 'rewards/reward_func/std': '0', 'reward': '0', 'reward_std': '0', 'frac_reward_zero_std': '1', 'kl': '0.0002646', 'entropy': '0.09936', 'clip_ratio/low_mean': '0', 'clip_ratio/high_mean': '0', 'clip_ratio/region_mean': '0', 'clip_ratio/low_min': '0', 'clip_ratio/high_max': '0', 'step_time': '5.187', 'epoch': '0.6289'}
63%|██████▎   | 161/256 [14:02<08:14,  5.20s/it]
63%|██████▎   | 162/256 [14:08<08:14,  5.26s/it]
{'loss': '5.074e-05', 'grad_norm': '0.01969', 'learning_rate': '3.711e-06', 'num_tokens': '8.005e+04', 'completions/mean_length': '64', 'completions/min_length': '64', 'completions/max_length': '64', 'completions/clipped_ratio': '1', 'completions/mean_terminated_length': '0', 'completions/min_terminated_length': '0', 'completions/max_terminated_length': '0', 'rewards/reward_func/mean': '0', 'rewards/reward_func/std': '0', 'reward': '0', 'reward_std': '0', 'frac_reward_zero_std': '1', 'kl': '0.001269', 'entropy': '0.2322', 'clip_ratio/low_mean': '0', 'clip_ratio/high_mean': '0', 'clip_ratio/region_mean': '0', 'clip_ratio/low_min': '0', 'clip_ratio/high_max': '0', 'step_time': '5.393', 'epoch': '0.6328'}
63%|██████▎   | 162/256 [14:08<08:14,  5.26s/it]
64%|██████▎   | 163/256 [14:13<08:07,  5.25s/it]
{'loss': '0.0001106', 'grad_norm': '0.04454', 'learning_rate': '3.672e-06', 'num_tokens': '8.057e+04', 'completions/mean_length': '64', 'completions/min_length': '64', 'completions/max_length': '64', 'completions/clipped_ratio': '1', 'completions/mean_terminated_length': '0', 'completions/min_terminated_length': '0', 'completions/max_terminated_length': '0', 'rewards/reward_func/mean': '0', 'rewards/reward_func/std': '0', 'reward': '0', 'reward_std': '0', 'frac_reward_zero_std': '1', 'kl': '0.002764', 'entropy': '0.1818', 'clip_ratio/low_mean': '0', 'clip_ratio/high_mean': '0', 'clip_ratio/region_mean': '0', 'clip_ratio/low_min': '0', 'clip_ratio/high_max': '0', 'step_time': '5.191', 'epoch': '0.6367'}
64%|██████▎   | 163/256 [14:13<08:07,  5.25s/it]
64%|██████▍   | 164/256 [14:18<08:01,  5.23s/it]
{'loss': '2.754e-05', 'grad_norm': '0.01276', 'learning_rate': '3.633e-06', 'num_tokens': '8.11e+04', 'completions/mean_length': '64', 'completions/min_length': '64', 'completions/max_length': '64', 'completions/clipped_ratio': '1', 'completions/mean_terminated_length': '0', 'completions/min_terminated_length': '0', 'completions/max_terminated_length': '0', 'rewards/reward_func/mean': '0', 'rewards/reward_func/std': '0', 'reward': '0', 'reward_std': '0', 'frac_reward_zero_std': '1', 'kl': '0.0006885', 'entropy': '0.1592', 'clip_ratio/low_mean': '0', 'clip_ratio/high_mean': '0', 'clip_ratio/region_mean': '0', 'clip_ratio/low_min': '0', 'clip_ratio/high_max': '0', 'step_time': '5.188', 'epoch': '0.6406'}
64%|██████▍   | 164/256 [14:18<08:01,  5.23s/it]
64%|██████▍   | 165/256 [14:23<07:57,  5.24s/it]
{'loss': '3.604e-05', 'grad_norm': '0.0111', 'learning_rate': '3.594e-06', 'num_tokens': '8.158e+04', 'completions/mean_length': '64', 'completions/min_length': '64', 'completions/max_length': '64', 'completions/clipped_ratio': '1', 'completions/mean_terminated_length': '0', 'completions/min_terminated_length': '0', 'completions/max_terminated_length': '0', 'rewards/reward_func/mean': '0', 'rewards/reward_func/std': '0', 'reward': '0', 'reward_std': '0', 'frac_reward_zero_std': '1', 'kl': '0.0009011', 'entropy': '0.283', 'clip_ratio/low_mean': '0', 'clip_ratio/high_mean': '0', 'clip_ratio/region_mean': '0', 'clip_ratio/low_min': '0', 'clip_ratio/high_max': '0', 'step_time': '5.244', 'epoch': '0.6445'}
64%|██████▍   | 165/256 [14:23<07:57,  5.24s/it]
65%|██████▍   | 166/256 [14:29<07:52,  5.25s/it]
{'loss': '6.428e-05', 'grad_norm': '0.01849', 'learning_rate': '3.555e-06', 'num_tokens': '8.206e+04', 'completions/mean_length': '64', 'completions/min_length': '64', 'completions/max_length': '64', 'completions/clipped_ratio': '1', 'completions/mean_terminated_length': '0', 'completions/min_terminated_length': '0', 'completions/max_terminated_length': '0', 'rewards/reward_func/mean': '0', 'rewards/reward_func/std': '0', 'reward': '0', 'reward_std': '0', 'frac_reward_zero_std': '1', 'kl': '0.001607', 'entropy': '0.3142', 'clip_ratio/low_mean': '0', 'clip_ratio/high_mean': '0', 'clip_ratio/region_mean': '0', 'clip_ratio/low_min': '0', 'clip_ratio/high_max': '0', 'step_time': '5.239', 'epoch': '0.6484'}
65%|██████▍   | 166/256 [14:29<07:52,  5.25s/it]
65%|██████▌   | 167/256 [14:34<07:46,  5.24s/it]
{'loss': '7.516e-05', 'grad_norm': '0.01652', 'learning_rate': '3.516e-06', 'num_tokens': '8.25e+04', 'completions/mean_length': '64', 'completions/min_length': '64', 'completions/max_length': '64', 'completions/clipped_ratio': '1', 'completions/mean_terminated_length': '0', 'completions/min_terminated_length': '0', 'completions/max_terminated_length': '0', 'rewards/reward_func/mean': '0', 'rewards/reward_func/std': '0', 'reward': '0', 'reward_std': '0', 'frac_reward_zero_std': '1', 'kl': '0.001879', 'entropy': '0.3456', 'clip_ratio/low_mean': '0', 'clip_ratio/high_mean': '0', 'clip_ratio/region_mean': '0', 'clip_ratio/low_min': '0', 'clip_ratio/high_max': '0', 'step_time': '5.216', 'epoch': '0.6523'}
65%|██████▌   | 167/256 [14:34<07:46,  5.24s/it]
66%|██████▌   | 168/256 [14:39<07:39,  5.22s/it]
{'loss': '2.588e-05', 'grad_norm': '0.01168', 'learning_rate': '3.477e-06', 'num_tokens': '8.305e+04', 'completions/mean_length': '64', 'completions/min_length': '64', 'completions/max_length': '64', 'completions/clipped_ratio': '1', 'completions/mean_terminated_length': '0', 'completions/min_terminated_length': '0', 'completions/max_terminated_length': '0', 'rewards/reward_func/mean': '0', 'rewards/reward_func/std': '0', 'reward': '0', 'reward_std': '0', 'frac_reward_zero_std': '1', 'kl': '0.0006471', 'entropy': '0.1894', 'clip_ratio/low_mean': '0', 'clip_ratio/high_mean': '0', 'clip_ratio/region_mean': '0', 'clip_ratio/low_min': '0', 'clip_ratio/high_max': '0', 'step_time': '5.161', 'epoch': '0.6562'}
66%|██████▌   | 168/256 [14:39<07:39,  5.22s/it]
66%|██████▌   | 169/256 [14:44<07:33,  5.21s/it]
{'loss': '8.559e-05', 'grad_norm': '0.02113', 'learning_rate': '3.438e-06', 'num_tokens': '8.357e+04', 'completions/mean_length': '64', 'completions/min_length': '64', 'completions/max_length': '64', 'completions/clipped_ratio': '1', 'completions/mean_terminated_length': '0', 'completions/min_terminated_length': '0', 'completions/max_terminated_length': '0', 'rewards/reward_func/mean': '0', 'rewards/reward_func/std': '0', 'reward': '0', 'reward_std': '0', 'frac_reward_zero_std': '1', 'kl': '0.00214', 'entropy': '0.451', 'clip_ratio/low_mean': '0', 'clip_ratio/high_mean': '0', 'clip_ratio/region_mean': '0', 'clip_ratio/low_min': '0', 'clip_ratio/high_max': '0', 'step_time': '5.16', 'epoch': '0.6602'}
66%|██████▌   | 169/256 [14:44<07:33,  5.21s/it]
66%|██████▋   | 170/256 [14:49<07:26,  5.20s/it]
{'loss': '7.002e-05', 'grad_norm': '0.02036', 'learning_rate': '3.398e-06', 'num_tokens': '8.404e+04', 'completions/mean_length': '64', 'completions/min_length': '64', 'completions/max_length': '64', 'completions/clipped_ratio': '1', 'completions/mean_terminated_length': '0', 'completions/min_terminated_length': '0', 'completions/max_terminated_length': '0', 'rewards/reward_func/mean': '0', 'rewards/reward_func/std': '0', 'reward': '0', 'reward_std': '0', 'frac_reward_zero_std': '1', 'kl': '0.001751', 'entropy': '0.2584', 'clip_ratio/low_mean': '0', 'clip_ratio/high_mean': '0', 'clip_ratio/region_mean': '0', 'clip_ratio/low_min': '0', 'clip_ratio/high_max': '0', 'step_time': '5.151', 'epoch': '0.6641'}
66%|██████▋   | 170/256 [14:49<07:26,  5.20s/it]
67%|██████▋   | 171/256 [14:55<07:21,  5.20s/it]
{'loss': '8.21e-05', 'grad_norm': '0.02432', 'learning_rate': '3.359e-06', 'num_tokens': '8.453e+04', 'completions/mean_length': '64', 'completions/min_length': '64', 'completions/max_length': '64', 'completions/clipped_ratio': '1', 'completions/mean_terminated_length': '0', 'completions/min_terminated_length': '0', 'completions/max_terminated_length': '0', 'rewards/reward_func/mean': '0', 'rewards/reward_func/std': '0', 'reward': '0', 'reward_std': '0', 'frac_reward_zero_std': '1', 'kl': '0.002052', 'entropy': '0.4143', 'clip_ratio/low_mean': '0', 'clip_ratio/high_mean': '0', 'clip_ratio/region_mean': '0', 'clip_ratio/low_min': '0', 'clip_ratio/high_max': '0', 'step_time': '5.18', 'epoch': '0.668'}
67%|██████▋   | 171/256 [14:55<07:21,  5.20s/it]
67%|██████▋   | 172/256 [15:00<07:16,  5.19s/it]
{'loss': '5.791e-05', 'grad_norm': '0.01589', 'learning_rate': '3.32e-06', 'num_tokens': '8.503e+04', 'completions/mean_length': '64', 'completions/min_length': '64', 'completions/max_length': '64', 'completions/clipped_ratio': '1', 'completions/mean_terminated_length': '0', 'completions/min_terminated_length': '0', 'completions/max_terminated_length': '0', 'rewards/reward_func/mean': '0', 'rewards/reward_func/std': '0', 'reward': '0', 'reward_std': '0', 'frac_reward_zero_std': '1', 'kl': '0.001448', 'entropy': '0.3083', 'clip_ratio/low_mean': '0', 'clip_ratio/high_mean': '0', 'clip_ratio/region_mean': '0', 'clip_ratio/low_min': '0', 'clip_ratio/high_max': '0', 'step_time': '5.166', 'epoch': '0.6719'}
67%|██████▋   | 172/256 [15:00<07:16,  5.19s/it]
68%|██████▊   | 173/256 [15:05<07:10,  5.19s/it]
{'loss': '7.109e-05', 'grad_norm': '0.02531', 'learning_rate': '3.281e-06', 'num_tokens': '8.554e+04', 'completions/mean_length': '64', 'completions/min_length': '64', 'completions/max_length': '64', 'completions/clipped_ratio': '1', 'completions/mean_terminated_length': '0', 'completions/min_terminated_length': '0', 'completions/max_terminated_length': '0', 'rewards/reward_func/mean': '0', 'rewards/reward_func/std': '0', 'reward': '0', 'reward_std': '0', 'frac_reward_zero_std': '1', 'kl': '0.001777', 'entropy': '0.3878', 'clip_ratio/low_mean': '0', 'clip_ratio/high_mean': '0', 'clip_ratio/region_mean': '0', 'clip_ratio/low_min': '0', 'clip_ratio/high_max': '0', 'step_time': '5.171', 'epoch': '0.6758'}
68%|██████▊   | 173/256 [15:05<07:10,  5.19s/it]
68%|██████▊   | 174/256 [15:10<07:11,  5.27s/it]
68%|██████▊   | 174/256 [15:10<07:11,  5.27s/it]
{'loss': '2.71e-05', 'grad_norm': '0.009293', 'learning_rate': '3.242e-06', 'num_tokens': '8.603e+04', 'completions/mean_length': '64', 'completions/min_length': '64', 'completions/max_length': '64', 'completions/clipped_ratio': '1', 'completions/mean_terminated_length': '0', 'completions/min_terminated_length': '0', 'completions/max_terminated_length': '0', 'rewards/reward_func/mean': '0', 'rewards/reward_func/std': '0', 'reward': '0', 'reward_std': '0', 'frac_reward_zero_std': '1', 'kl': '0.0006774', 'entropy': '0.1471', 'clip_ratio/low_mean': '0', 'clip_ratio/high_mean': '0', 'clip_ratio/region_mean': '0', 'clip_ratio/low_min': '0', 'clip_ratio/high_max': '0', 'step_time': '5.42', 'epoch': '0.6797'}
68%|██████▊   | 175/256 [15:16<07:04,  5.24s/it]
{'loss': '8.924e-05', 'grad_norm': '0.02102', 'learning_rate': '3.203e-06', 'num_tokens': '8.656e+04', 'completions/mean_length': '64', 'completions/min_length': '64', 'completions/max_length': '64', 'completions/clipped_ratio': '1', 'completions/mean_terminated_length': '0', 'completions/min_terminated_length': '0', 'completions/max_terminated_length': '0', 'rewards/reward_func/mean': '0', 'rewards/reward_func/std': '0', 'reward': '0', 'reward_std': '0', 'frac_reward_zero_std': '1', 'kl': '0.002231', 'entropy': '0.3958', 'clip_ratio/low_mean': '0', 'clip_ratio/high_mean': '0', 'clip_ratio/region_mean': '0', 'clip_ratio/low_min': '0', 'clip_ratio/high_max': '0', 'step_time': '5.166', 'epoch': '0.6836'}
68%|██████▊   | 175/256 [15:16<07:04,  5.24s/it]
69%|██████▉   | 176/256 [15:21<06:58,  5.23s/it]
{'loss': '6.347e-05', 'grad_norm': '0.01785', 'learning_rate': '3.164e-06', 'num_tokens': '8.704e+04', 'completions/mean_length': '64', 'completions/min_length': '64', 'completions/max_length': '64', 'completions/clipped_ratio': '1', 'completions/mean_terminated_length': '0', 'completions/min_terminated_length': '0', 'completions/max_terminated_length': '0', 'rewards/reward_func/mean': '0', 'rewards/reward_func/std': '0', 'reward': '0', 'reward_std': '0', 'frac_reward_zero_std': '1', 'kl': '0.001587', 'entropy': '0.2833', 'clip_ratio/low_mean': '0', 'clip_ratio/high_mean': '0', 'clip_ratio/region_mean': '0', 'clip_ratio/low_min': '0', 'clip_ratio/high_max': '0', 'step_time': '5.18', 'epoch': '0.6875'}
69%|██████▉   | 176/256 [15:21<06:58,  5.23s/it]
69%|██████▉   | 177/256 [15:26<06:51,  5.21s/it]
69%|██████▉   | 177/256 [15:26<06:51,  5.21s/it]
{'loss': '3.96e-05', 'grad_norm': '0.0162', 'learning_rate': '3.125e-06', 'num_tokens': '8.754e+04', 'completions/mean_length': '64', 'completions/min_length': '64', 'completions/max_length': '64', 'completions/clipped_ratio': '1', 'completions/mean_terminated_length': '0', 'completions/min_terminated_length': '0', 'completions/max_terminated_length': '0', 'rewards/reward_func/mean': '0', 'rewards/reward_func/std': '0', 'reward': '0', 'reward_std': '0', 'frac_reward_zero_std': '1', 'kl': '0.0009901', 'entropy': '0.2822', 'clip_ratio/low_mean': '0', 'clip_ratio/high_mean': '0', 'clip_ratio/region_mean': '0', 'clip_ratio/low_min': '0', 'clip_ratio/high_max': '0', 'step_time': '5.155', 'epoch': '0.6914'}
70%|██████▉   | 178/256 [15:31<06:45,  5.20s/it]
{'loss': '4.394e-05', 'grad_norm': '0.01663', 'learning_rate': '3.086e-06', 'num_tokens': '8.805e+04', 'completions/mean_length': '64', 'completions/min_length': '64', 'completions/max_length': '64', 'completions/clipped_ratio': '1', 'completions/mean_terminated_length': '0', 'completions/min_terminated_length': '0', 'completions/max_terminated_length': '0', 'rewards/reward_func/mean': '0', 'rewards/reward_func/std': '0', 'reward': '0', 'reward_std': '0', 'frac_reward_zero_std': '1', 'kl': '0.001098', 'entropy': '0.2039', 'clip_ratio/low_mean': '0', 'clip_ratio/high_mean': '0', 'clip_ratio/region_mean': '0', 'clip_ratio/low_min': '0', 'clip_ratio/high_max': '0', 'step_time': '5.152', 'epoch': '0.6953'}
70%|██████▉   | 178/256 [15:31<06:45,  5.20s/it]
70%|██████▉   | 179/256 [15:36<06:39,  5.19s/it]
70%|██████▉   | 179/256 [15:36<06:39,  5.19s/it]
{'loss': '7.012e-05', 'grad_norm': '0.01981', 'learning_rate': '3.047e-06', 'num_tokens': '8.852e+04', 'completions/mean_length': '64', 'completions/min_length': '64', 'completions/max_length': '64', 'completions/clipped_ratio': '1', 'completions/mean_terminated_length': '0', 'completions/min_terminated_length': '0', 'completions/max_terminated_length': '0', 'rewards/reward_func/mean': '0', 'rewards/reward_func/std': '0', 'reward': '0', 'reward_std': '0', 'frac_reward_zero_std': '1', 'kl': '0.001753', 'entropy': '0.4527', 'clip_ratio/low_mean': '0', 'clip_ratio/high_mean': '0', 'clip_ratio/region_mean': '0', 'clip_ratio/low_min': '0', 'clip_ratio/high_max': '0', 'step_time': '5.159', 'epoch': '0.6992'}
70%|███████   | 180/256 [15:41<06:34,  5.19s/it]
{'loss': '2.728e-05', 'grad_norm': '0.01058', 'learning_rate': '3.008e-06', 'num_tokens': '8.902e+04', 'completions/mean_length': '64', 'completions/min_length': '64', 'completions/max_length': '64', 'completions/clipped_ratio': '1', 'completions/mean_terminated_length': '0', 'completions/min_terminated_length': '0', 'completions/max_terminated_length': '0', 'rewards/reward_func/mean': '0', 'rewards/reward_func/std': '0', 'reward': '0', 'reward_std': '0', 'frac_reward_zero_std': '1', 'kl': '0.000682', 'entropy': '0.1977', 'clip_ratio/low_mean': '0', 'clip_ratio/high_mean': '0', 'clip_ratio/region_mean': '0', 'clip_ratio/low_min': '0', 'clip_ratio/high_max': '0', 'step_time': '5.167', 'epoch': '0.7031'}
70%|███████   | 180/256 [15:41<06:34,  5.19s/it]
71%|███████   | 181/256 [15:47<06:29,  5.20s/it]
{'loss': '2.465e-05', 'grad_norm': '0.009524', 'learning_rate': '2.969e-06', 'num_tokens': '8.949e+04', 'completions/mean_length': '64', 'completions/min_length': '64', 'completions/max_length': '64', 'completions/clipped_ratio': '1', 'completions/mean_terminated_length': '0', 'completions/min_terminated_length': '0', 'completions/max_terminated_length': '0', 'rewards/reward_func/mean': '0', 'rewards/reward_func/std': '0', 'reward': '0', 'reward_std': '0', 'frac_reward_zero_std': '1', 'kl': '0.0006164', 'entropy': '0.1436', 'clip_ratio/low_mean': '0', 'clip_ratio/high_mean': '0', 'clip_ratio/region_mean': '0', 'clip_ratio/low_min': '0', 'clip_ratio/high_max': '0', 'step_time': '5.195', 'epoch': '0.707'}
71%|███████   | 181/256 [15:47<06:29,  5.20s/it]
71%|███████   | 182/256 [15:52<06:25,  5.21s/it]
{'loss': '5.201e-05', 'grad_norm': '0.01727', 'learning_rate': '2.93e-06', 'num_tokens': '8.994e+04', 'completions/mean_length': '64', 'completions/min_length': '64', 'completions/max_length': '64', 'completions/clipped_ratio': '1', 'completions/mean_terminated_length': '0', 'completions/min_terminated_length': '0', 'completions/max_terminated_length': '0', 'rewards/reward_func/mean': '0', 'rewards/reward_func/std': '0', 'reward': '0', 'reward_std': '0', 'frac_reward_zero_std': '1', 'kl': '0.0013', 'entropy': '0.3979', 'clip_ratio/low_mean': '0', 'clip_ratio/high_mean': '0', 'clip_ratio/region_mean': '0', 'clip_ratio/low_min': '0', 'clip_ratio/high_max': '0', 'step_time': '5.218', 'epoch': '0.7109'}
71%|███████   | 182/256 [15:52<06:25,  5.21s/it]
71%|███████▏  | 183/256 [15:57<06:20,  5.21s/it]
71%|███████▏  | 183/256 [15:57<06:20,  5.21s/it]
{'loss': '9.739e-05', 'grad_norm': '0.02177', 'learning_rate': '2.891e-06', 'num_tokens': '9.04e+04', 'completions/mean_length': '64', 'completions/min_length': '64', 'completions/max_length': '64', 'completions/clipped_ratio': '1', 'completions/mean_terminated_length': '0', 'completions/min_terminated_length': '0', 'completions/max_terminated_length': '0', 'rewards/reward_func/mean': '0', 'rewards/reward_func/std': '0', 'reward': '0', 'reward_std': '0', 'frac_reward_zero_std': '1', 'kl': '0.002435', 'entropy': '0.4589', 'clip_ratio/low_mean': '0', 'clip_ratio/high_mean': '0', 'clip_ratio/region_mean': '0', 'clip_ratio/low_min': '0', 'clip_ratio/high_max': '0', 'step_time': '5.21', 'epoch': '0.7148'}
72%|███████▏  | 184/256 [16:02<06:14,  5.21s/it]
72%|███████▏  | 184/256 [16:02<06:14,  5.21s/it]
{'loss': '4.728e-05', 'grad_norm': '0.01618', 'learning_rate': '2.852e-06', 'num_tokens': '9.089e+04', 'completions/mean_length': '64', 'completions/min_length': '64', 'completions/max_length': '64', 'completions/clipped_ratio': '1', 'completions/mean_terminated_length': '0', 'completions/min_terminated_length': '0', 'completions/max_terminated_length': '0', 'rewards/reward_func/mean': '0', 'rewards/reward_func/std': '0', 'reward': '0', 'reward_std': '0', 'frac_reward_zero_std': '1', 'kl': '0.001182', 'entropy': '0.2849', 'clip_ratio/low_mean': '0', 'clip_ratio/high_mean': '0', 'clip_ratio/region_mean': '0', 'clip_ratio/low_min': '0', 'clip_ratio/high_max': '0', 'step_time': '5.167', 'epoch': '0.7188'}
72%|███████▏  | 185/256 [16:08<06:12,  5.25s/it]
{'loss': '0.0001068', 'grad_norm': '0.01877', 'learning_rate': '2.813e-06', 'num_tokens': '9.138e+04', 'completions/mean_length': '64', 'completions/min_length': '64', 'completions/max_length': '64', 'completions/clipped_ratio': '1', 'completions/mean_terminated_length': '0', 'completions/min_terminated_length': '0', 'completions/max_terminated_length': '0', 'rewards/reward_func/mean': '0', 'rewards/reward_func/std': '0', 'reward': '0', 'reward_std': '0', 'frac_reward_zero_std': '1', 'kl': '0.00267', 'entropy': '0.4578', 'clip_ratio/low_mean': '0', 'clip_ratio/high_mean': '0', 'clip_ratio/region_mean': '0', 'clip_ratio/low_min': '0', 'clip_ratio/high_max': '0', 'step_time': '5.341', 'epoch': '0.7227'}
72%|███████▏  | 185/256 [16:08<06:12,  5.25s/it]
73%|███████▎  | 186/256 [16:13<06:06,  5.24s/it]
{'loss': '8.595e-05', 'grad_norm': '0.0182', 'learning_rate': '2.773e-06', 'num_tokens': '9.182e+04', 'completions/mean_length': '64', 'completions/min_length': '64', 'completions/max_length': '64', 'completions/clipped_ratio': '1', 'completions/mean_terminated_length': '0', 'completions/min_terminated_length': '0', 'completions/max_terminated_length': '0', 'rewards/reward_func/mean': '0', 'rewards/reward_func/std': '0', 'reward': '0', 'reward_std': '0', 'frac_reward_zero_std': '1', 'kl': '0.002149', 'entropy': '0.5612', 'clip_ratio/low_mean': '0', 'clip_ratio/high_mean': '0', 'clip_ratio/region_mean': '0', 'clip_ratio/low_min': '0', 'clip_ratio/high_max': '0', 'step_time': '5.202', 'epoch': '0.7266'}
73%|███████▎  | 186/256 [16:13<06:06,  5.24s/it]
73%|███████▎  | 187/256 [16:18<06:01,  5.24s/it]
{'loss': '3.536e-05', 'grad_norm': '0.008981', 'learning_rate': '2.734e-06', 'num_tokens': '9.23e+04', 'completions/mean_length': '64', 'completions/min_length': '64', 'completions/max_length': '64', 'completions/clipped_ratio': '1', 'completions/mean_terminated_length': '0', 'completions/min_terminated_length': '0', 'completions/max_terminated_length': '0', 'rewards/reward_func/mean': '0', 'rewards/reward_func/std': '0', 'reward': '0', 'reward_std': '0', 'frac_reward_zero_std': '1', 'kl': '0.0008839', 'entropy': '0.345', 'clip_ratio/low_mean': '0', 'clip_ratio/high_mean': '0', 'clip_ratio/region_mean': '0', 'clip_ratio/low_min': '0', 'clip_ratio/high_max': '0', 'step_time': '5.211', 'epoch': '0.7305'}
73%|███████▎  | 187/256 [16:18<06:01,  5.24s/it]
73%|███████▎  | 188/256 [16:23<05:55,  5.23s/it]
{'loss': '5.94e-05', 'grad_norm': '0.01298', 'learning_rate': '2.695e-06', 'num_tokens': '9.277e+04', 'completions/mean_length': '64', 'completions/min_length': '64', 'completions/max_length': '64', 'completions/clipped_ratio': '1', 'completions/mean_terminated_length': '0', 'completions/min_terminated_length': '0', 'completions/max_terminated_length': '0', 'rewards/reward_func/mean': '0', 'rewards/reward_func/std': '0', 'reward': '0', 'reward_std': '0', 'frac_reward_zero_std': '1', 'kl': '0.001485', 'entropy': '0.4795', 'clip_ratio/low_mean': '0', 'clip_ratio/high_mean': '0', 'clip_ratio/region_mean': '0', 'clip_ratio/low_min': '0', 'clip_ratio/high_max': '0', 'step_time': '5.193', 'epoch': '0.7344'}
73%|███████▎  | 188/256 [16:23<05:55,  5.23s/it]
74%|███████▍  | 189/256 [16:28<05:49,  5.21s/it]
{'loss': '8.498e-05', 'grad_norm': '0.02686', 'learning_rate': '2.656e-06', 'num_tokens': '9.33e+04', 'completions/mean_length': '64', 'completions/min_length': '64', 'completions/max_length': '64', 'completions/clipped_ratio': '1', 'completions/mean_terminated_length': '0', 'completions/min_terminated_length': '0', 'completions/max_terminated_length': '0', 'rewards/reward_func/mean': '0', 'rewards/reward_func/std': '0', 'reward': '0', 'reward_std': '0', 'frac_reward_zero_std': '1', 'kl': '0.002125', 'entropy': '0.3523', 'clip_ratio/low_mean': '0', 'clip_ratio/high_mean': '0', 'clip_ratio/region_mean': '0', 'clip_ratio/low_min': '0', 'clip_ratio/high_max': '0', 'step_time': '5.158', 'epoch': '0.7383'}
74%|███████▍  | 189/256 [16:28<05:49,  5.21s/it]
74%|███████▍  | 190/256 [16:34<05:43,  5.20s/it]
{'loss': '6.399e-05', 'grad_norm': '0.01487', 'learning_rate': '2.617e-06', 'num_tokens': '9.376e+04', 'completions/mean_length': '64', 'completions/min_length': '64', 'completions/max_length': '64', 'completions/clipped_ratio': '1', 'completions/mean_terminated_length': '0', 'completions/min_terminated_length': '0', 'completions/max_terminated_length': '0', 'rewards/reward_func/mean': '0', 'rewards/reward_func/std': '0', 'reward': '0', 'reward_std': '0', 'frac_reward_zero_std': '1', 'kl': '0.0016', 'entropy': '0.4052', 'clip_ratio/low_mean': '0', 'clip_ratio/high_mean': '0', 'clip_ratio/region_mean': '0', 'clip_ratio/low_min': '0', 'clip_ratio/high_max': '0', 'step_time': '5.158', 'epoch': '0.7422'}
74%|███████▍  | 190/256 [16:34<05:43,  5.20s/it]
75%|███████▍  | 191/256 [16:39<05:38,  5.21s/it]
{'loss': '5.929e-05', 'grad_norm': '0.01729', 'learning_rate': '2.578e-06', 'num_tokens': '9.421e+04', 'completions/mean_length': '64', 'completions/min_length': '64', 'completions/max_length': '64', 'completions/clipped_ratio': '1', 'completions/mean_terminated_length': '0', 'completions/min_terminated_length': '0', 'completions/max_terminated_length': '0', 'rewards/reward_func/mean': '0', 'rewards/reward_func/std': '0', 'reward': '0', 'reward_std': '0', 'frac_reward_zero_std': '1', 'kl': '0.001482', 'entropy': '0.4218', 'clip_ratio/low_mean': '0', 'clip_ratio/high_mean': '0', 'clip_ratio/region_mean': '0', 'clip_ratio/low_min': '0', 'clip_ratio/high_max': '0', 'step_time': '5.206', 'epoch': '0.7461'}
75%|███████▍  | 191/256 [16:39<05:38,  5.21s/it]
75%|███████▌  | 192/256 [16:44<05:32,  5.20s/it]
{'loss': '8.778e-05', 'grad_norm': '0.0201', 'learning_rate': '2.539e-06', 'num_tokens': '9.475e+04', 'completions/mean_length': '64', 'completions/min_length': '64', 'completions/max_length': '64', 'completions/clipped_ratio': '1', 'completions/mean_terminated_length': '0', 'completions/min_terminated_length': '0', 'completions/max_terminated_length': '0', 'rewards/reward_func/mean': '0', 'rewards/reward_func/std': '0', 'reward': '0', 'reward_std': '0', 'frac_reward_zero_std': '1', 'kl': '0.002195', 'entropy': '0.328', 'clip_ratio/low_mean': '0', 'clip_ratio/high_mean': '0', 'clip_ratio/region_mean': '0', 'clip_ratio/low_min': '0', 'clip_ratio/high_max': '0', 'step_time': '5.166', 'epoch': '0.75'}
75%|███████▌  | 192/256 [16:44<05:32,  5.20s/it]
75%|███████▌  | 193/256 [16:49<05:27,  5.20s/it]
{'loss': '1.003e-05', 'grad_norm': '0.004839', 'learning_rate': '2.5e-06', 'num_tokens': '9.527e+04', 'completions/mean_length': '64', 'completions/min_length': '64', 'completions/max_length': '64', 'completions/clipped_ratio': '1', 'completions/mean_terminated_length': '0', 'completions/min_terminated_length': '0', 'completions/max_terminated_length': '0', 'rewards/reward_func/mean': '0', 'rewards/reward_func/std': '0', 'reward': '0', 'reward_std': '0', 'frac_reward_zero_std': '1', 'kl': '0.0002508', 'entropy': '0.09165', 'clip_ratio/low_mean': '0', 'clip_ratio/high_mean': '0', 'clip_ratio/region_mean': '0', 'clip_ratio/low_min': '0', 'clip_ratio/high_max': '0', 'step_time': '5.193', 'epoch': '0.7539'}
75%|███████▌  | 193/256 [16:49<05:27,  5.20s/it]
76%|███████▌  | 194/256 [16:55<05:23,  5.21s/it]
{'loss': '3.897e-05', 'grad_norm': '0.01816', 'learning_rate': '2.461e-06', 'num_tokens': '9.579e+04', 'completions/mean_length': '64', 'completions/min_length': '64', 'completions/max_length': '64', 'completions/clipped_ratio': '1', 'completions/mean_terminated_length': '0', 'completions/min_terminated_length': '0', 'completions/max_terminated_length': '0', 'rewards/reward_func/mean': '0', 'rewards/reward_func/std': '0', 'reward': '0', 'reward_std': '0', 'frac_reward_zero_std': '1', 'kl': '0.0009741', 'entropy': '0.131', 'clip_ratio/low_mean': '0', 'clip_ratio/high_mean': '0', 'clip_ratio/region_mean': '0', 'clip_ratio/low_min': '0', 'clip_ratio/high_max': '0', 'step_time': '5.22', 'epoch': '0.7578'}
76%|███████▌  | 194/256 [16:55<05:23,  5.21s/it]
76%|███████▌  | 195/256 [17:00<05:18,  5.22s/it]
{'loss': '2.174e-05', 'grad_norm': '0.008386', 'learning_rate': '2.422e-06', 'num_tokens': '9.628e+04', 'completions/mean_length': '64', 'completions/min_length': '64', 'completions/max_length': '64', 'completions/clipped_ratio': '1', 'completions/mean_terminated_length': '0', 'completions/min_terminated_length': '0', 'completions/max_terminated_length': '0', 'rewards/reward_func/mean': '0', 'rewards/reward_func/std': '0', 'reward': '0', 'reward_std': '0', 'frac_reward_zero_std': '1', 'kl': '0.0005435', 'entropy': '0.2794', 'clip_ratio/low_mean': '0', 'clip_ratio/high_mean': '0', 'clip_ratio/region_mean': '0', 'clip_ratio/low_min': '0', 'clip_ratio/high_max': '0', 'step_time': '5.207', 'epoch': '0.7617'}
76%|███████▌  | 195/256 [17:00<05:18,  5.22s/it]
77%|███████▋  | 196/256 [17:05<05:13,  5.22s/it]
{'loss': '5.101e-05', 'grad_norm': '0.02', 'learning_rate': '2.383e-06', 'num_tokens': '9.677e+04', 'completions/mean_length': '64', 'completions/min_length': '64', 'completions/max_length': '64', 'completions/clipped_ratio': '1', 'completions/mean_terminated_length': '0', 'completions/min_terminated_length': '0', 'completions/max_terminated_length': '0', 'rewards/reward_func/mean': '0', 'rewards/reward_func/std': '0', 'reward': '0', 'reward_std': '0', 'frac_reward_zero_std': '1', 'kl': '0.001275', 'entropy': '0.3452', 'clip_ratio/low_mean': '0', 'clip_ratio/high_mean': '0', 'clip_ratio/region_mean': '0', 'clip_ratio/low_min': '0', 'clip_ratio/high_max': '0', 'step_time': '5.201', 'epoch': '0.7656'}
77%|███████▋  | 196/256 [17:05<05:13,  5.22s/it]
77%|███████▋  | 197/256 [17:10<05:07,  5.22s/it]
{'loss': '4.755e-05', 'grad_norm': '0.017', 'learning_rate': '2.344e-06', 'num_tokens': '9.727e+04', 'completions/mean_length': '64', 'completions/min_length': '64', 'completions/max_length': '64', 'completions/clipped_ratio': '1', 'completions/mean_terminated_length': '0', 'completions/min_terminated_length': '0', 'completions/max_terminated_length': '0', 'rewards/reward_func/mean': '0', 'rewards/reward_func/std': '0', 'reward': '0', 'reward_std': '0', 'frac_reward_zero_std': '1', 'kl': '0.001189', 'entropy': '0.2354', 'clip_ratio/low_mean': '0', 'clip_ratio/high_mean': '0', 'clip_ratio/region_mean': '0', 'clip_ratio/low_min': '0', 'clip_ratio/high_max': '0', 'step_time': '5.207', 'epoch': '0.7695'}
77%|███████▋  | 197/256 [17:10<05:07,  5.22s/it]
77%|███████▋  | 198/256 [17:15<05:03,  5.23s/it]
{'loss': '8.869e-05', 'grad_norm': '0.04949', 'learning_rate': '2.305e-06', 'num_tokens': '9.778e+04', 'completions/mean_length': '64', 'completions/min_length': '64', 'completions/max_length': '64', 'completions/clipped_ratio': '1', 'completions/mean_terminated_length': '0', 'completions/min_terminated_length': '0', 'completions/max_terminated_length': '0', 'rewards/reward_func/mean': '0', 'rewards/reward_func/std': '0', 'reward': '0', 'reward_std': '0', 'frac_reward_zero_std': '1', 'kl': '0.002217', 'entropy': '0.4481', 'clip_ratio/low_mean': '0', 'clip_ratio/high_mean': '0', 'clip_ratio/region_mean': '0', 'clip_ratio/low_min': '0', 'clip_ratio/high_max': '0', 'step_time': '5.235', 'epoch': '0.7734'}
77%|███████▋  | 198/256 [17:15<05:03,  5.23s/it]
78%|███████▊  | 199/256 [17:21<04:57,  5.23s/it]
{'loss': '1.909e-05', 'grad_norm': '0.007287', 'learning_rate': '2.266e-06', 'num_tokens': '9.83e+04', 'completions/mean_length': '64', 'completions/min_length': '64', 'completions/max_length': '64', 'completions/clipped_ratio': '1', 'completions/mean_terminated_length': '0', 'completions/min_terminated_length': '0', 'completions/max_terminated_length': '0', 'rewards/reward_func/mean': '0', 'rewards/reward_func/std': '0', 'reward': '0', 'reward_std': '0', 'frac_reward_zero_std': '1', 'kl': '0.0004774', 'entropy': '0.1248', 'clip_ratio/low_mean': '0', 'clip_ratio/high_mean': '0', 'clip_ratio/region_mean': '0', 'clip_ratio/low_min': '0', 'clip_ratio/high_max': '0', 'step_time': '5.203', 'epoch': '0.7773'}
78%|███████▊  | 199/256 [17:21<04:57,  5.23s/it]
78%|███████▊  | 200/256 [17:26<04:57,  5.31s/it]
{'loss': '9.02e-05', 'grad_norm': '0.02261', 'learning_rate': '2.227e-06', 'num_tokens': '9.874e+04', 'completions/mean_length': '64', 'completions/min_length': '64', 'completions/max_length': '64', 'completions/clipped_ratio': '1', 'completions/mean_terminated_length': '0', 'completions/min_terminated_length': '0', 'completions/max_terminated_length': '0', 'rewards/reward_func/mean': '0', 'rewards/reward_func/std': '0', 'reward': '0', 'reward_std': '0', 'frac_reward_zero_std': '1', 'kl': '0.002255', 'entropy': '0.4216', 'clip_ratio/low_mean': '0', 'clip_ratio/high_mean': '0', 'clip_ratio/region_mean': '0', 'clip_ratio/low_min': '0', 'clip_ratio/high_max': '0', 'step_time': '5.493', 'epoch': '0.7812'}
78%|███████▊  | 200/256 [17:26<04:57,  5.31s/it]
79%|███████▊  | 201/256 [17:31<04:50,  5.29s/it]
{'loss': '8.769e-05', 'grad_norm': '0.01869', 'learning_rate': '2.188e-06', 'num_tokens': '9.92e+04', 'completions/mean_length': '64', 'completions/min_length': '64', 'completions/max_length': '64', 'completions/clipped_ratio': '1', 'completions/mean_terminated_length': '0', 'completions/min_terminated_length': '0', 'completions/max_terminated_length': '0', 'rewards/reward_func/mean': '0', 'rewards/reward_func/std': '0', 'reward': '0', 'reward_std': '0', 'frac_reward_zero_std': '1', 'kl': '0.002192', 'entropy': '0.4673', 'clip_ratio/low_mean': '0', 'clip_ratio/high_mean': '0', 'clip_ratio/region_mean': '0', 'clip_ratio/low_min': '0', 'clip_ratio/high_max': '0', 'step_time': '5.214', 'epoch': '0.7852'}
79%|███████▊  | 201/256 [17:31<04:50,  5.29s/it]
79%|███████▉  | 202/256 [17:37<04:44,  5.27s/it]
{'loss': '7.606e-05', 'grad_norm': '0.01798', 'learning_rate': '2.148e-06', 'num_tokens': '9.97e+04', 'completions/mean_length': '64', 'completions/min_length': '64', 'completions/max_length': '64', 'completions/clipped_ratio': '1', 'completions/mean_terminated_length': '0', 'completions/min_terminated_length': '0', 'completions/max_terminated_length': '0', 'rewards/reward_func/mean': '0', 'rewards/reward_func/std': '0', 'reward': '0', 'reward_std': '0', 'frac_reward_zero_std': '1', 'kl': '0.001902', 'entropy': '0.5033', 'clip_ratio/low_mean': '0', 'clip_ratio/high_mean': '0', 'clip_ratio/region_mean': '0', 'clip_ratio/low_min': '0', 'clip_ratio/high_max': '0', 'step_time': '5.212', 'epoch': '0.7891'}
79%|███████▉  | 202/256 [17:37<04:44,  5.27s/it]
79%|███████▉  | 203/256 [17:42<04:39,  5.27s/it]
{'loss': '6.473e-05', 'grad_norm': '0.01822', 'learning_rate': '2.109e-06', 'num_tokens': '1.002e+05', 'completions/mean_length': '64', 'completions/min_length': '64', 'completions/max_length': '64', 'completions/clipped_ratio': '1', 'completions/mean_terminated_length': '0', 'completions/min_terminated_length': '0', 'completions/max_terminated_length': '0', 'rewards/reward_func/mean': '0', 'rewards/reward_func/std': '0', 'reward': '0', 'reward_std': '0', 'frac_reward_zero_std': '1', 'kl': '0.001618', 'entropy': '0.3629', 'clip_ratio/low_mean': '0', 'clip_ratio/high_mean': '0', 'clip_ratio/region_mean': '0', 'clip_ratio/low_min': '0', 'clip_ratio/high_max': '0', 'step_time': '5.249', 'epoch': '0.793'}
79%|███████▉  | 203/256 [17:42<04:39,  5.27s/it]
80%|███████▉  | 204/256 [17:47<04:33,  5.26s/it]
{'loss': '3.742e-05', 'grad_norm': '0.01304', 'learning_rate': '2.07e-06', 'num_tokens': '1.007e+05', 'completions/mean_length': '64', 'completions/min_length': '64', 'completions/max_length': '64', 'completions/clipped_ratio': '1', 'completions/mean_terminated_length': '0', 'completions/min_terminated_length': '0', 'completions/max_terminated_length': '0', 'rewards/reward_func/mean': '0', 'rewards/reward_func/std': '0', 'reward': '0', 'reward_std': '0', 'frac_reward_zero_std': '1', 'kl': '0.0009354', 'entropy': '0.2923', 'clip_ratio/low_mean': '0', 'clip_ratio/high_mean': '0', 'clip_ratio/region_mean': '0', 'clip_ratio/low_min': '0', 'clip_ratio/high_max': '0', 'step_time': '5.211', 'epoch': '0.7969'}
80%|███████▉  | 204/256 [17:47<04:33,  5.26s/it]
80%|████████  | 205/256 [17:52<04:27,  5.25s/it]
80%|████████  | 205/256 [17:52<04:27,  5.25s/it]
{'loss': '9.088e-06', 'grad_norm': '0.006574', 'learning_rate': '2.031e-06', 'num_tokens': '1.013e+05', 'completions/mean_length': '64', 'completions/min_length': '64', 'completions/max_length': '64', 'completions/clipped_ratio': '1', 'completions/mean_terminated_length': '0', 'completions/min_terminated_length': '0', 'completions/max_terminated_length': '0', 'rewards/reward_func/mean': '0', 'rewards/reward_func/std': '0', 'reward': '0', 'reward_std': '0', 'frac_reward_zero_std': '1', 'kl': '0.0002272', 'entropy': '0.0771', 'clip_ratio/low_mean': '0', 'clip_ratio/high_mean': '0', 'clip_ratio/region_mean': '0', 'clip_ratio/low_min': '0', 'clip_ratio/high_max': '0', 'step_time': '5.209', 'epoch': '0.8008'}
80%|████████  | 206/256 [17:58<04:22,  5.24s/it]
{'loss': '2.379e-05', 'grad_norm': '0.01449', 'learning_rate': '1.992e-06', 'num_tokens': '1.018e+05', 'completions/mean_length': '64', 'completions/min_length': '64', 'completions/max_length': '64', 'completions/clipped_ratio': '1', 'completions/mean_terminated_length': '0', 'completions/min_terminated_length': '0', 'completions/max_terminated_length': '0', 'rewards/reward_func/mean': '0', 'rewards/reward_func/std': '0', 'reward': '0', 'reward_std': '0', 'frac_reward_zero_std': '1', 'kl': '0.0005948', 'entropy': '0.1056', 'clip_ratio/low_mean': '0', 'clip_ratio/high_mean': '0', 'clip_ratio/region_mean': '0', 'clip_ratio/low_min': '0', 'clip_ratio/high_max': '0', 'step_time': '5.218', 'epoch': '0.8047'}
80%|████████  | 206/256 [17:58<04:22,  5.24s/it]
81%|████████  | 207/256 [18:03<04:16,  5.24s/it]
{'loss': '8.922e-05', 'grad_norm': '0.02489', 'learning_rate': '1.953e-06', 'num_tokens': '1.023e+05', 'completions/mean_length': '64', 'completions/min_length': '64', 'completions/max_length': '64', 'completions/clipped_ratio': '1', 'completions/mean_terminated_length': '0', 'completions/min_terminated_length': '0', 'completions/max_terminated_length': '0', 'rewards/reward_func/mean': '0', 'rewards/reward_func/std': '0', 'reward': '0', 'reward_std': '0', 'frac_reward_zero_std': '1', 'kl': '0.00223', 'entropy': '0.4358', 'clip_ratio/low_mean': '0', 'clip_ratio/high_mean': '0', 'clip_ratio/region_mean': '0', 'clip_ratio/low_min': '0', 'clip_ratio/high_max': '0', 'step_time': '5.21', 'epoch': '0.8086'}
81%|████████  | 207/256 [18:03<04:16,  5.24s/it]
81%|████████▏ | 208/256 [18:08<04:11,  5.25s/it]
{'loss': '6.937e-05', 'grad_norm': '0.02404', 'learning_rate': '1.914e-06', 'num_tokens': '1.028e+05', 'completions/mean_length': '64', 'completions/min_length': '64', 'completions/max_length': '64', 'completions/clipped_ratio': '1', 'completions/mean_terminated_length': '0', 'completions/min_terminated_length': '0', 'completions/max_terminated_length': '0', 'rewards/reward_func/mean': '0', 'rewards/reward_func/std': '0', 'reward': '0', 'reward_std': '0', 'frac_reward_zero_std': '1', 'kl': '0.001734', 'entropy': '0.3786', 'clip_ratio/low_mean': '0', 'clip_ratio/high_mean': '0', 'clip_ratio/region_mean': '0', 'clip_ratio/low_min': '0', 'clip_ratio/high_max': '0', 'step_time': '5.242', 'epoch': '0.8125'}
81%|████████▏ | 208/256 [18:08<04:11,  5.25s/it]
82%|████████▏ | 209/256 [18:13<04:06,  5.24s/it]
82%|████████▏ | 209/256 [18:13<04:06,  5.24s/it]
{'loss': '4.577e-05', 'grad_norm': '0.01845', 'learning_rate': '1.875e-06', 'num_tokens': '1.033e+05', 'completions/mean_length': '64', 'completions/min_length': '64', 'completions/max_length': '64', 'completions/clipped_ratio': '1', 'completions/mean_terminated_length': '0', 'completions/min_terminated_length': '0', 'completions/max_terminated_length': '0', 'rewards/reward_func/mean': '0', 'rewards/reward_func/std': '0', 'reward': '0', 'reward_std': '0', 'frac_reward_zero_std': '1', 'kl': '0.001144', 'entropy': '0.2576', 'clip_ratio/low_mean': '0', 'clip_ratio/high_mean': '0', 'clip_ratio/region_mean': '0', 'clip_ratio/low_min': '0', 'clip_ratio/high_max': '0', 'step_time': '5.221', 'epoch': '0.8164'}
82%|████████▏ | 210/256 [18:19<04:00,  5.24s/it]
{'loss': '3.65e-05', 'grad_norm': '0.02095', 'learning_rate': '1.836e-06', 'num_tokens': '1.038e+05', 'completions/mean_length': '64', 'completions/min_length': '64', 'completions/max_length': '64', 'completions/clipped_ratio': '1', 'completions/mean_terminated_length': '0', 'completions/min_terminated_length': '0', 'completions/max_terminated_length': '0', 'rewards/reward_func/mean': '0', 'rewards/reward_func/std': '0', 'reward': '0', 'reward_std': '0', 'frac_reward_zero_std': '1', 'kl': '0.0009126', 'entropy': '0.08681', 'clip_ratio/low_mean': '0', 'clip_ratio/high_mean': '0', 'clip_ratio/region_mean': '0', 'clip_ratio/low_min': '0', 'clip_ratio/high_max': '0', 'step_time': '5.202', 'epoch': '0.8203'}
82%|████████▏ | 210/256 [18:19<04:00,  5.24s/it]
82%|████████▏ | 211/256 [18:24<03:55,  5.23s/it]
{'loss': '8.362e-05', 'grad_norm': '0.02141', 'learning_rate': '1.797e-06', 'num_tokens': '1.043e+05', 'completions/mean_length': '64', 'completions/min_length': '64', 'completions/max_length': '64', 'completions/clipped_ratio': '1', 'completions/mean_terminated_length': '0', 'completions/min_terminated_length': '0', 'completions/max_terminated_length': '0', 'rewards/reward_func/mean': '0', 'rewards/reward_func/std': '0', 'reward': '0', 'reward_std': '0', 'frac_reward_zero_std': '1', 'kl': '0.00209', 'entropy': '0.4354', 'clip_ratio/low_mean': '0', 'clip_ratio/high_mean': '0', 'clip_ratio/region_mean': '0', 'clip_ratio/low_min': '0', 'clip_ratio/high_max': '0', 'step_time': '5.192', 'epoch': '0.8242'}
82%|████████▏ | 211/256 [18:24<03:55,  5.23s/it]
83%|████████▎ | 212/256 [18:29<03:49,  5.22s/it]
{'loss': '4.345e-05', 'grad_norm': '0.01233', 'learning_rate': '1.758e-06', 'num_tokens': '1.047e+05', 'completions/mean_length': '64', 'completions/min_length': '64', 'completions/max_length': '64', 'completions/clipped_ratio': '1', 'completions/mean_terminated_length': '0', 'completions/min_terminated_length': '0', 'completions/max_terminated_length': '0', 'rewards/reward_func/mean': '0', 'rewards/reward_func/std': '0', 'reward': '0', 'reward_std': '0', 'frac_reward_zero_std': '1', 'kl': '0.001086', 'entropy': '0.4108', 'clip_ratio/low_mean': '0', 'clip_ratio/high_mean': '0', 'clip_ratio/region_mean': '0', 'clip_ratio/low_min': '0', 'clip_ratio/high_max': '0', 'step_time': '5.167', 'epoch': '0.8281'}
83%|████████▎ | 212/256 [18:29<03:49,  5.22s/it]
83%|████████▎ | 213/256 [18:34<03:46,  5.26s/it]
{'loss': '2.727e-05', 'grad_norm': '0.01004', 'learning_rate': '1.719e-06', 'num_tokens': '1.052e+05', 'completions/mean_length': '64', 'completions/min_length': '64', 'completions/max_length': '64', 'completions/clipped_ratio': '1', 'completions/mean_terminated_length': '0', 'completions/min_terminated_length': '0', 'completions/max_terminated_length': '0', 'rewards/reward_func/mean': '0', 'rewards/reward_func/std': '0', 'reward': '0', 'reward_std': '0', 'frac_reward_zero_std': '1', 'kl': '0.0006818', 'entropy': '0.1702', 'clip_ratio/low_mean': '0', 'clip_ratio/high_mean': '0', 'clip_ratio/region_mean': '0', 'clip_ratio/low_min': '0', 'clip_ratio/high_max': '0', 'step_time': '5.357', 'epoch': '0.832'}
83%|████████▎ | 213/256 [18:34<03:46,  5.26s/it]
84%|████████▎ | 214/256 [18:39<03:39,  5.24s/it]
{'loss': '6.188e-05', 'grad_norm': '0.01944', 'learning_rate': '1.68e-06', 'num_tokens': '1.057e+05', 'completions/mean_length': '64', 'completions/min_length': '64', 'completions/max_length': '64', 'completions/clipped_ratio': '1', 'completions/mean_terminated_length': '0', 'completions/min_terminated_length': '0', 'completions/max_terminated_length': '0', 'rewards/reward_func/mean': '0', 'rewards/reward_func/std': '0', 'reward': '0', 'reward_std': '0', 'frac_reward_zero_std': '1', 'kl': '0.001547', 'entropy': '0.2515', 'clip_ratio/low_mean': '0', 'clip_ratio/high_mean': '0', 'clip_ratio/region_mean': '0', 'clip_ratio/low_min': '0', 'clip_ratio/high_max': '0', 'step_time': '5.161', 'epoch': '0.8359'}
84%|████████▎ | 214/256 [18:39<03:39,  5.24s/it]
84%|████████▍ | 215/256 [18:45<03:33,  5.22s/it]
{'loss': '0.0001034', 'grad_norm': '0.02561', 'learning_rate': '1.641e-06', 'num_tokens': '1.062e+05', 'completions/mean_length': '64', 'completions/min_length': '64', 'completions/max_length': '64', 'completions/clipped_ratio': '1', 'completions/mean_terminated_length': '0', 'completions/min_terminated_length': '0', 'completions/max_terminated_length': '0', 'rewards/reward_func/mean': '0', 'rewards/reward_func/std': '0', 'reward': '0', 'reward_std': '0', 'frac_reward_zero_std': '1', 'kl': '0.002586', 'entropy': '0.3754', 'clip_ratio/low_mean': '0', 'clip_ratio/high_mean': '0', 'clip_ratio/region_mean': '0', 'clip_ratio/low_min': '0', 'clip_ratio/high_max': '0', 'step_time': '5.16', 'epoch': '0.8398'}
84%|████████▍ | 215/256 [18:45<03:33,  5.22s/it]
84%|████████▍ | 216/256 [18:50<03:28,  5.20s/it]
{'loss': '3.011e-05', 'grad_norm': '0.008604', 'learning_rate': '1.602e-06', 'num_tokens': '1.066e+05', 'completions/mean_length': '64', 'completions/min_length': '64', 'completions/max_length': '64', 'completions/clipped_ratio': '1', 'completions/mean_terminated_length': '0', 'completions/min_terminated_length': '0', 'completions/max_terminated_length': '0', 'rewards/reward_func/mean': '0', 'rewards/reward_func/std': '0', 'reward': '0', 'reward_std': '0', 'frac_reward_zero_std': '1', 'kl': '0.0007528', 'entropy': '0.2062', 'clip_ratio/low_mean': '0', 'clip_ratio/high_mean': '0', 'clip_ratio/region_mean': '0', 'clip_ratio/low_min': '0', 'clip_ratio/high_max': '0', 'step_time': '5.154', 'epoch': '0.8438'}
84%|████████▍ | 216/256 [18:50<03:28,  5.20s/it]
85%|████████▍ | 217/256 [18:55<03:23,  5.21s/it]
{'loss': '0.0001203', 'grad_norm': '0.02628', 'learning_rate': '1.563e-06', 'num_tokens': '1.071e+05', 'completions/mean_length': '64', 'completions/min_length': '64', 'completions/max_length': '64', 'completions/clipped_ratio': '1', 'completions/mean_terminated_length': '0', 'completions/min_terminated_length': '0', 'completions/max_terminated_length': '0', 'rewards/reward_func/mean': '0', 'rewards/reward_func/std': '0', 'reward': '0', 'reward_std': '0', 'frac_reward_zero_std': '1', 'kl': '0.003006', 'entropy': '0.342', 'clip_ratio/low_mean': '0', 'clip_ratio/high_mean': '0', 'clip_ratio/region_mean': '0', 'clip_ratio/low_min': '0', 'clip_ratio/high_max': '0', 'step_time': '5.214', 'epoch': '0.8477'}
85%|████████▍ | 217/256 [18:55<03:23,  5.21s/it]
85%|████████▌ | 218/256 [19:00<03:17,  5.21s/it]
{'loss': '6.289e-05', 'grad_norm': '0.0175', 'learning_rate': '1.523e-06', 'num_tokens': '1.076e+05', 'completions/mean_length': '64', 'completions/min_length': '64', 'completions/max_length': '64', 'completions/clipped_ratio': '1', 'completions/mean_terminated_length': '0', 'completions/min_terminated_length': '0', 'completions/max_terminated_length': '0', 'rewards/reward_func/mean': '0', 'rewards/reward_func/std': '0', 'reward': '0', 'reward_std': '0', 'frac_reward_zero_std': '1', 'kl': '0.001572', 'entropy': '0.2851', 'clip_ratio/low_mean': '0', 'clip_ratio/high_mean': '0', 'clip_ratio/region_mean': '0', 'clip_ratio/low_min': '0', 'clip_ratio/high_max': '0', 'step_time': '5.173', 'epoch': '0.8516'}
85%|████████▌ | 218/256 [19:00<03:17,  5.21s/it]
86%|████████▌ | 219/256 [19:05<03:12,  5.20s/it]
86%|████████▌ | 219/256 [19:05<03:12,  5.20s/it]
{'loss': '0.0001', 'grad_norm': '0.02149', 'learning_rate': '1.484e-06', 'num_tokens': '1.08e+05', 'completions/mean_length': '64', 'completions/min_length': '64', 'completions/max_length': '64', 'completions/clipped_ratio': '1', 'completions/mean_terminated_length': '0', 'completions/min_terminated_length': '0', 'completions/max_terminated_length': '0', 'rewards/reward_func/mean': '0', 'rewards/reward_func/std': '0', 'reward': '0', 'reward_std': '0', 'frac_reward_zero_std': '1', 'kl': '0.0025', 'entropy': '0.4958', 'clip_ratio/low_mean': '0', 'clip_ratio/high_mean': '0', 'clip_ratio/region_mean': '0', 'clip_ratio/low_min': '0', 'clip_ratio/high_max': '0', 'step_time': '5.177', 'epoch': '0.8555'}
86%|████████▌ | 220/256 [19:11<03:07,  5.21s/it]
{'loss': '0.0001375', 'grad_norm': '0.03658', 'learning_rate': '1.445e-06', 'num_tokens': '1.086e+05', 'completions/mean_length': '64', 'completions/min_length': '64', 'completions/max_length': '64', 'completions/clipped_ratio': '1', 'completions/mean_terminated_length': '0', 'completions/min_terminated_length': '0', 'completions/max_terminated_length': '0', 'rewards/reward_func/mean': '0', 'rewards/reward_func/std': '0', 'reward': '0', 'reward_std': '0', 'frac_reward_zero_std': '1', 'kl': '0.003439', 'entropy': '0.5593', 'clip_ratio/low_mean': '0', 'clip_ratio/high_mean': '0', 'clip_ratio/region_mean': '0', 'clip_ratio/low_min': '0', 'clip_ratio/high_max': '0', 'step_time': '5.213', 'epoch': '0.8594'}
86%|████████▌ | 220/256 [19:11<03:07,  5.21s/it]
86%|████████▋ | 221/256 [19:16<03:02,  5.22s/it]
{'loss': '5.539e-05', 'grad_norm': '0.02546', 'learning_rate': '1.406e-06', 'num_tokens': '1.091e+05', 'completions/mean_length': '64', 'completions/min_length': '64', 'completions/max_length': '64', 'completions/clipped_ratio': '1', 'completions/mean_terminated_length': '0', 'completions/min_terminated_length': '0', 'completions/max_terminated_length': '0', 'rewards/reward_func/mean': '0', 'rewards/reward_func/std': '0', 'reward': '0', 'reward_std': '0', 'frac_reward_zero_std': '1', 'kl': '0.001385', 'entropy': '0.2193', 'clip_ratio/low_mean': '0', 'clip_ratio/high_mean': '0', 'clip_ratio/region_mean': '0', 'clip_ratio/low_min': '0', 'clip_ratio/high_max': '0', 'step_time': '5.208', 'epoch': '0.8633'}
86%|████████▋ | 221/256 [19:16<03:02,  5.22s/it]
87%|████████▋ | 222/256 [19:21<02:57,  5.22s/it]
{'loss': '3.675e-05', 'grad_norm': '0.01144', 'learning_rate': '1.367e-06', 'num_tokens': '1.096e+05', 'completions/mean_length': '64', 'completions/min_length': '64', 'completions/max_length': '64', 'completions/clipped_ratio': '1', 'completions/mean_terminated_length': '0', 'completions/min_terminated_length': '0', 'completions/max_terminated_length': '0', 'rewards/reward_func/mean': '0', 'rewards/reward_func/std': '0', 'reward': '0', 'reward_std': '0', 'frac_reward_zero_std': '1', 'kl': '0.0009187', 'entropy': '0.279', 'clip_ratio/low_mean': '0', 'clip_ratio/high_mean': '0', 'clip_ratio/region_mean': '0', 'clip_ratio/low_min': '0', 'clip_ratio/high_max': '0', 'step_time': '5.197', 'epoch': '0.8672'}
87%|████████▋ | 222/256 [19:21<02:57,  5.22s/it]
87%|████████▋ | 223/256 [19:26<02:52,  5.22s/it]
{'loss': '9.837e-05', 'grad_norm': '0.06041', 'learning_rate': '1.328e-06', 'num_tokens': '1.1e+05', 'completions/mean_length': '64', 'completions/min_length': '64', 'completions/max_length': '64', 'completions/clipped_ratio': '1', 'completions/mean_terminated_length': '0', 'completions/min_terminated_length': '0', 'completions/max_terminated_length': '0', 'rewards/reward_func/mean': '0', 'rewards/reward_func/std': '0', 'reward': '0', 'reward_std': '0', 'frac_reward_zero_std': '1', 'kl': '0.002459', 'entropy': '0.4323', 'clip_ratio/low_mean': '0', 'clip_ratio/high_mean': '0', 'clip_ratio/region_mean': '0', 'clip_ratio/low_min': '0', 'clip_ratio/high_max': '0', 'step_time': '5.213', 'epoch': '0.8711'}
87%|████████▋ | 223/256 [19:26<02:52,  5.22s/it]
88%|████████▊ | 224/256 [19:32<02:47,  5.22s/it]
{'loss': '3.576e-05', 'grad_norm': '0.01575', 'learning_rate': '1.289e-06', 'num_tokens': '1.105e+05', 'completions/mean_length': '64', 'completions/min_length': '64', 'completions/max_length': '64', 'completions/clipped_ratio': '1', 'completions/mean_terminated_length': '0', 'completions/min_terminated_length': '0', 'completions/max_terminated_length': '0', 'rewards/reward_func/mean': '0', 'rewards/reward_func/std': '0', 'reward': '0', 'reward_std': '0', 'frac_reward_zero_std': '1', 'kl': '0.000894', 'entropy': '0.242', 'clip_ratio/low_mean': '0', 'clip_ratio/high_mean': '0', 'clip_ratio/region_mean': '0', 'clip_ratio/low_min': '0', 'clip_ratio/high_max': '0', 'step_time': '5.212', 'epoch': '0.875'}
88%|████████▊ | 224/256 [19:32<02:47,  5.22s/it]
88%|████████▊ | 225/256 [19:37<02:42,  5.23s/it]
{'loss': '8.186e-05', 'grad_norm': '0.01679', 'learning_rate': '1.25e-06', 'num_tokens': '1.11e+05', 'completions/mean_length': '64', 'completions/min_length': '64', 'completions/max_length': '64', 'completions/clipped_ratio': '1', 'completions/mean_terminated_length': '0', 'completions/min_terminated_length': '0', 'completions/max_terminated_length': '0', 'rewards/reward_func/mean': '0', 'rewards/reward_func/std': '0', 'reward': '0', 'reward_std': '0', 'frac_reward_zero_std': '1', 'kl': '0.002047', 'entropy': '0.4491', 'clip_ratio/low_mean': '0', 'clip_ratio/high_mean': '0', 'clip_ratio/region_mean': '0', 'clip_ratio/low_min': '0', 'clip_ratio/high_max': '0', 'step_time': '5.245', 'epoch': '0.8789'}
88%|████████▊ | 225/256 [19:37<02:42,  5.23s/it]
88%|████████▊ | 226/256 [19:42<02:39,  5.30s/it]
{'loss': '1.823e-05', 'grad_norm': '0.007303', 'learning_rate': '1.211e-06', 'num_tokens': '1.115e+05', 'completions/mean_length': '64', 'completions/min_length': '64', 'completions/max_length': '64', 'completions/clipped_ratio': '1', 'completions/mean_terminated_length': '0', 'completions/min_terminated_length': '0', 'completions/max_terminated_length': '0', 'rewards/reward_func/mean': '0', 'rewards/reward_func/std': '0', 'reward': '0', 'reward_std': '0', 'frac_reward_zero_std': '1', 'kl': '0.0004557', 'entropy': '0.08883', 'clip_ratio/low_mean': '0', 'clip_ratio/high_mean': '0', 'clip_ratio/region_mean': '0', 'clip_ratio/low_min': '0', 'clip_ratio/high_max': '0', 'step_time': '5.437', 'epoch': '0.8828'}
88%|████████▊ | 226/256 [19:42<02:39,  5.30s/it]
89%|████████▊ | 227/256 [19:48<02:33,  5.28s/it]
{'loss': '0.0001184', 'grad_norm': '0.02516', 'learning_rate': '1.172e-06', 'num_tokens': '1.119e+05', 'completions/mean_length': '64', 'completions/min_length': '64', 'completions/max_length': '64', 'completions/clipped_ratio': '1', 'completions/mean_terminated_length': '0', 'completions/min_terminated_length': '0', 'completions/max_terminated_length': '0', 'rewards/reward_func/mean': '0', 'rewards/reward_func/std': '0', 'reward': '0', 'reward_std': '0', 'frac_reward_zero_std': '1', 'kl': '0.002961', 'entropy': '0.4322', 'clip_ratio/low_mean': '0', 'clip_ratio/high_mean': '0', 'clip_ratio/region_mean': '0', 'clip_ratio/low_min': '0', 'clip_ratio/high_max': '0', 'step_time': '5.207', 'epoch': '0.8867'}
89%|████████▊ | 227/256 [19:48<02:33,  5.28s/it]
89%|████████▉ | 228/256 [19:53<02:27,  5.27s/it]
89%|████████▉ | 228/256 [19:53<02:27,  5.27s/it]
{'loss': '5.794e-05', 'grad_norm': '0.0234', 'learning_rate': '1.133e-06', 'num_tokens': '1.124e+05', 'completions/mean_length': '64', 'completions/min_length': '64', 'completions/max_length': '64', 'completions/clipped_ratio': '1', 'completions/mean_terminated_length': '0', 'completions/min_terminated_length': '0', 'completions/max_terminated_length': '0', 'rewards/reward_func/mean': '0', 'rewards/reward_func/std': '0', 'reward': '0', 'reward_std': '0', 'frac_reward_zero_std': '1', 'kl': '0.001449', 'entropy': '0.2143', 'clip_ratio/low_mean': '0', 'clip_ratio/high_mean': '0', 'clip_ratio/region_mean': '0', 'clip_ratio/low_min': '0', 'clip_ratio/high_max': '0', 'step_time': '5.224', 'epoch': '0.8906'}
89%|████████▉ | 229/256 [19:58<02:22,  5.26s/it]
{'loss': '3.721e-05', 'grad_norm': '0.01218', 'learning_rate': '1.094e-06', 'num_tokens': '1.129e+05', 'completions/mean_length': '64', 'completions/min_length': '64', 'completions/max_length': '64', 'completions/clipped_ratio': '1', 'completions/mean_terminated_length': '0', 'completions/min_terminated_length': '0', 'completions/max_terminated_length': '0', 'rewards/reward_func/mean': '0', 'rewards/reward_func/std': '0', 'reward': '0', 'reward_std': '0', 'frac_reward_zero_std': '1', 'kl': '0.0009303', 'entropy': '0.2061', 'clip_ratio/low_mean': '0', 'clip_ratio/high_mean': '0', 'clip_ratio/region_mean': '0', 'clip_ratio/low_min': '0', 'clip_ratio/high_max': '0', 'step_time': '5.235', 'epoch': '0.8945'}
89%|████████▉ | 229/256 [19:58<02:22,  5.26s/it]
90%|████████▉ | 230/256 [20:03<02:16,  5.26s/it]
{'loss': '4.136e-05', 'grad_norm': '0.01095', 'learning_rate': '1.055e-06', 'num_tokens': '1.134e+05', 'completions/mean_length': '64', 'completions/min_length': '64', 'completions/max_length': '64', 'completions/clipped_ratio': '1', 'completions/mean_terminated_length': '0', 'completions/min_terminated_length': '0', 'completions/max_terminated_length': '0', 'rewards/reward_func/mean': '0', 'rewards/reward_func/std': '0', 'reward': '0', 'reward_std': '0', 'frac_reward_zero_std': '1', 'kl': '0.001034', 'entropy': '0.3306', 'clip_ratio/low_mean': '0', 'clip_ratio/high_mean': '0', 'clip_ratio/region_mean': '0', 'clip_ratio/low_min': '0', 'clip_ratio/high_max': '0', 'step_time': '5.225', 'epoch': '0.8984'}
90%|████████▉ | 230/256 [20:03<02:16,  5.26s/it]
90%|█████████ | 231/256 [20:08<02:11,  5.24s/it]
{'loss': '8.398e-05', 'grad_norm': '0.02144', 'learning_rate': '1.016e-06', 'num_tokens': '1.139e+05', 'completions/mean_length': '64', 'completions/min_length': '64', 'completions/max_length': '64', 'completions/clipped_ratio': '1', 'completions/mean_terminated_length': '0', 'completions/min_terminated_length': '0', 'completions/max_terminated_length': '0', 'rewards/reward_func/mean': '0', 'rewards/reward_func/std': '0', 'reward': '0', 'reward_std': '0', 'frac_reward_zero_std': '1', 'kl': '0.002099', 'entropy': '0.435', 'clip_ratio/low_mean': '0', 'clip_ratio/high_mean': '0', 'clip_ratio/region_mean': '0', 'clip_ratio/low_min': '0', 'clip_ratio/high_max': '0', 'step_time': '5.199', 'epoch': '0.9023'}
90%|█████████ | 231/256 [20:08<02:11,  5.24s/it]
91%|█████████ | 232/256 [20:14<02:05,  5.23s/it]
{'loss': '4.436e-05', 'grad_norm': '0.01518', 'learning_rate': '9.766e-07', 'num_tokens': '1.144e+05', 'completions/mean_length': '64', 'completions/min_length': '64', 'completions/max_length': '64', 'completions/clipped_ratio': '1', 'completions/mean_terminated_length': '0', 'completions/min_terminated_length': '0', 'completions/max_terminated_length': '0', 'rewards/reward_func/mean': '0', 'rewards/reward_func/std': '0', 'reward': '0', 'reward_std': '0', 'frac_reward_zero_std': '1', 'kl': '0.001109', 'entropy': '0.2285', 'clip_ratio/low_mean': '0', 'clip_ratio/high_mean': '0', 'clip_ratio/region_mean': '0', 'clip_ratio/low_min': '0', 'clip_ratio/high_max': '0', 'step_time': '5.169', 'epoch': '0.9062'}
91%|█████████ | 232/256 [20:14<02:05,  5.23s/it]
91%|█████████ | 233/256 [20:19<01:59,  5.21s/it]
{'loss': '3.735e-05', 'grad_norm': '0.01398', 'learning_rate': '9.375e-07', 'num_tokens': '1.149e+05', 'completions/mean_length': '64', 'completions/min_length': '64', 'completions/max_length': '64', 'completions/clipped_ratio': '1', 'completions/mean_terminated_length': '0', 'completions/min_terminated_length': '0', 'completions/max_terminated_length': '0', 'rewards/reward_func/mean': '0', 'rewards/reward_func/std': '0', 'reward': '0', 'reward_std': '0', 'frac_reward_zero_std': '1', 'kl': '0.0009336', 'entropy': '0.2673', 'clip_ratio/low_mean': '0', 'clip_ratio/high_mean': '0', 'clip_ratio/region_mean': '0', 'clip_ratio/low_min': '0', 'clip_ratio/high_max': '0', 'step_time': '5.156', 'epoch': '0.9102'}
91%|█████████ | 233/256 [20:19<01:59,  5.21s/it]
91%|█████████▏| 234/256 [20:24<01:54,  5.22s/it]
{'loss': '5.382e-05', 'grad_norm': '0.02216', 'learning_rate': '8.984e-07', 'num_tokens': '1.153e+05', 'completions/mean_length': '64', 'completions/min_length': '64', 'completions/max_length': '64', 'completions/clipped_ratio': '1', 'completions/mean_terminated_length': '0', 'completions/min_terminated_length': '0', 'completions/max_terminated_length': '0', 'rewards/reward_func/mean': '0', 'rewards/reward_func/std': '0', 'reward': '0', 'reward_std': '0', 'frac_reward_zero_std': '1', 'kl': '0.001346', 'entropy': '0.1915', 'clip_ratio/low_mean': '0', 'clip_ratio/high_mean': '0', 'clip_ratio/region_mean': '0', 'clip_ratio/low_min': '0', 'clip_ratio/high_max': '0', 'step_time': '5.239', 'epoch': '0.9141'}
91%|█████████▏| 234/256 [20:24<01:54,  5.22s/it]
92%|█████████▏| 235/256 [20:29<01:49,  5.22s/it]
{'loss': '8.617e-05', 'grad_norm': '0.01926', 'learning_rate': '8.594e-07', 'num_tokens': '1.158e+05', 'completions/mean_length': '64', 'completions/min_length': '64', 'completions/max_length': '64', 'completions/clipped_ratio': '1', 'completions/mean_terminated_length': '0', 'completions/min_terminated_length': '0', 'completions/max_terminated_length': '0', 'rewards/reward_func/mean': '0', 'rewards/reward_func/std': '0', 'reward': '0', 'reward_std': '0', 'frac_reward_zero_std': '1', 'kl': '0.002154', 'entropy': '0.3969', 'clip_ratio/low_mean': '0', 'clip_ratio/high_mean': '0', 'clip_ratio/region_mean': '0', 'clip_ratio/low_min': '0', 'clip_ratio/high_max': '0', 'step_time': '5.182', 'epoch': '0.918'}
92%|█████████▏| 235/256 [20:29<01:49,  5.22s/it]
92%|█████████▏| 236/256 [20:34<01:44,  5.20s/it]
{'loss': '9.646e-05', 'grad_norm': '0.03422', 'learning_rate': '8.203e-07', 'num_tokens': '1.163e+05', 'completions/mean_length': '64', 'completions/min_length': '64', 'completions/max_length': '64', 'completions/clipped_ratio': '1', 'completions/mean_terminated_length': '0', 'completions/min_terminated_length': '0', 'completions/max_terminated_length': '0', 'rewards/reward_func/mean': '0', 'rewards/reward_func/std': '0', 'reward': '0', 'reward_std': '0', 'frac_reward_zero_std': '1', 'kl': '0.002412', 'entropy': '0.3507', 'clip_ratio/low_mean': '0', 'clip_ratio/high_mean': '0', 'clip_ratio/region_mean': '0', 'clip_ratio/low_min': '0', 'clip_ratio/high_max': '0', 'step_time': '5.156', 'epoch': '0.9219'}
92%|█████████▏| 236/256 [20:34<01:44,  5.20s/it]
93%|█████████▎| 237/256 [20:40<01:39,  5.26s/it]
{'loss': '7.158e-05', 'grad_norm': '0.02061', 'learning_rate': '7.813e-07', 'num_tokens': '1.168e+05', 'completions/mean_length': '64', 'completions/min_length': '64', 'completions/max_length': '64', 'completions/clipped_ratio': '1', 'completions/mean_terminated_length': '0', 'completions/min_terminated_length': '0', 'completions/max_terminated_length': '0', 'rewards/reward_func/mean': '0', 'rewards/reward_func/std': '0', 'reward': '0', 'reward_std': '0', 'frac_reward_zero_std': '1', 'kl': '0.001789', 'entropy': '0.4344', 'clip_ratio/low_mean': '0', 'clip_ratio/high_mean': '0', 'clip_ratio/region_mean': '0', 'clip_ratio/low_min': '0', 'clip_ratio/high_max': '0', 'step_time': '5.362', 'epoch': '0.9258'}
93%|█████████▎| 237/256 [20:40<01:39,  5.26s/it]
93%|█████████▎| 238/256 [20:45<01:34,  5.25s/it]
{'loss': '8.202e-05', 'grad_norm': '0.0265', 'learning_rate': '7.422e-07', 'num_tokens': '1.172e+05', 'completions/mean_length': '64', 'completions/min_length': '64', 'completions/max_length': '64', 'completions/clipped_ratio': '1', 'completions/mean_terminated_length': '0', 'completions/min_terminated_length': '0', 'completions/max_terminated_length': '0', 'rewards/reward_func/mean': '0', 'rewards/reward_func/std': '0', 'reward': '0', 'reward_std': '0', 'frac_reward_zero_std': '1', 'kl': '0.002051', 'entropy': '0.4122', 'clip_ratio/low_mean': '0', 'clip_ratio/high_mean': '0', 'clip_ratio/region_mean': '0', 'clip_ratio/low_min': '0', 'clip_ratio/high_max': '0', 'step_time': '5.215', 'epoch': '0.9297'}
93%|█████████▎| 238/256 [20:45<01:34,  5.25s/it]
93%|█████████▎| 239/256 [20:50<01:29,  5.25s/it]
{'loss': '7.507e-05', 'grad_norm': '0.01615', 'learning_rate': '7.031e-07', 'num_tokens': '1.177e+05', 'completions/mean_length': '64', 'completions/min_length': '64', 'completions/max_length': '64', 'completions/clipped_ratio': '1', 'completions/mean_terminated_length': '0', 'completions/min_terminated_length': '0', 'completions/max_terminated_length': '0', 'rewards/reward_func/mean': '0', 'rewards/reward_func/std': '0', 'reward': '0', 'reward_std': '0', 'frac_reward_zero_std': '1', 'kl': '0.001877', 'entropy': '0.4404', 'clip_ratio/low_mean': '0', 'clip_ratio/high_mean': '0', 'clip_ratio/region_mean': '0', 'clip_ratio/low_min': '0', 'clip_ratio/high_max': '0', 'step_time': '5.221', 'epoch': '0.9336'}
93%|█████████▎| 239/256 [20:50<01:29,  5.25s/it]
94%|█████████▍| 240/256 [20:56<01:23,  5.24s/it]
{'loss': '4.311e-05', 'grad_norm': '0.01364', 'learning_rate': '6.641e-07', 'num_tokens': '1.182e+05', 'completions/mean_length': '64', 'completions/min_length': '64', 'completions/max_length': '64', 'completions/clipped_ratio': '1', 'completions/mean_terminated_length': '0', 'completions/min_terminated_length': '0', 'completions/max_terminated_length': '0', 'rewards/reward_func/mean': '0', 'rewards/reward_func/std': '0', 'reward': '0', 'reward_std': '0', 'frac_reward_zero_std': '1', 'kl': '0.001078', 'entropy': '0.2914', 'clip_ratio/low_mean': '0', 'clip_ratio/high_mean': '0', 'clip_ratio/region_mean': '0', 'clip_ratio/low_min': '0', 'clip_ratio/high_max': '0', 'step_time': '5.215', 'epoch': '0.9375'}
94%|█████████▍| 240/256 [20:56<01:23,  5.24s/it]
94%|█████████▍| 241/256 [21:01<01:18,  5.24s/it]
{'loss': '2.776e-05', 'grad_norm': '0.01079', 'learning_rate': '6.25e-07', 'num_tokens': '1.186e+05', 'completions/mean_length': '64', 'completions/min_length': '64', 'completions/max_length': '64', 'completions/clipped_ratio': '1', 'completions/mean_terminated_length': '0', 'completions/min_terminated_length': '0', 'completions/max_terminated_length': '0', 'rewards/reward_func/mean': '0', 'rewards/reward_func/std': '0', 'reward': '0', 'reward_std': '0', 'frac_reward_zero_std': '1', 'kl': '0.0006939', 'entropy': '0.3022', 'clip_ratio/low_mean': '0', 'clip_ratio/high_mean': '0', 'clip_ratio/region_mean': '0', 'clip_ratio/low_min': '0', 'clip_ratio/high_max': '0', 'step_time': '5.223', 'epoch': '0.9414'}
94%|█████████▍| 241/256 [21:01<01:18,  5.24s/it]
95%|█████████▍| 242/256 [21:06<01:13,  5.26s/it]
{'loss': '3.641e-05', 'grad_norm': '0.01062', 'learning_rate': '5.859e-07', 'num_tokens': '1.191e+05', 'completions/mean_length': '64', 'completions/min_length': '64', 'completions/max_length': '64', 'completions/clipped_ratio': '1', 'completions/mean_terminated_length': '0', 'completions/min_terminated_length': '0', 'completions/max_terminated_length': '0', 'rewards/reward_func/mean': '0', 'rewards/reward_func/std': '0', 'reward': '0', 'reward_std': '0', 'frac_reward_zero_std': '1', 'kl': '0.0009102', 'entropy': '0.293', 'clip_ratio/low_mean': '0', 'clip_ratio/high_mean': '0', 'clip_ratio/region_mean': '0', 'clip_ratio/low_min': '0', 'clip_ratio/high_max': '0', 'step_time': '5.271', 'epoch': '0.9453'}
95%|█████████▍| 242/256 [21:06<01:13,  5.26s/it]
95%|█████████▍| 243/256 [21:11<01:08,  5.25s/it]
{'loss': '5.189e-05', 'grad_norm': '0.01499', 'learning_rate': '5.469e-07', 'num_tokens': '1.196e+05', 'completions/mean_length': '64', 'completions/min_length': '64', 'completions/max_length': '64', 'completions/clipped_ratio': '1', 'completions/mean_terminated_length': '0', 'completions/min_terminated_length': '0', 'completions/max_terminated_length': '0', 'rewards/reward_func/mean': '0', 'rewards/reward_func/std': '0', 'reward': '0', 'reward_std': '0', 'frac_reward_zero_std': '1', 'kl': '0.001297', 'entropy': '0.2108', 'clip_ratio/low_mean': '0', 'clip_ratio/high_mean': '0', 'clip_ratio/region_mean': '0', 'clip_ratio/low_min': '0', 'clip_ratio/high_max': '0', 'step_time': '5.235', 'epoch': '0.9492'}
95%|█████████▍| 243/256 [21:11<01:08,  5.25s/it]
95%|█████████▌| 244/256 [21:17<01:02,  5.25s/it]
{'loss': '6.968e-05', 'grad_norm': '0.01412', 'learning_rate': '5.078e-07', 'num_tokens': '1.201e+05', 'completions/mean_length': '64', 'completions/min_length': '64', 'completions/max_length': '64', 'completions/clipped_ratio': '1', 'completions/mean_terminated_length': '0', 'completions/min_terminated_length': '0', 'completions/max_terminated_length': '0', 'rewards/reward_func/mean': '0', 'rewards/reward_func/std': '0', 'reward': '0', 'reward_std': '0', 'frac_reward_zero_std': '1', 'kl': '0.001742', 'entropy': '0.3748', 'clip_ratio/low_mean': '0', 'clip_ratio/high_mean': '0', 'clip_ratio/region_mean': '0', 'clip_ratio/low_min': '0', 'clip_ratio/high_max': '0', 'step_time': '5.209', 'epoch': '0.9531'}
95%|█████████▌| 244/256 [21:17<01:02,  5.25s/it]
96%|█████████▌| 245/256 [21:22<00:57,  5.25s/it]
{'loss': '3.012e-05', 'grad_norm': '0.0162', 'learning_rate': '4.688e-07', 'num_tokens': '1.207e+05', 'completions/mean_length': '64', 'completions/min_length': '64', 'completions/max_length': '64', 'completions/clipped_ratio': '1', 'completions/mean_terminated_length': '0', 'completions/min_terminated_length': '0', 'completions/max_terminated_length': '0', 'rewards/reward_func/mean': '0', 'rewards/reward_func/std': '0', 'reward': '0', 'reward_std': '0', 'frac_reward_zero_std': '1', 'kl': '0.0007529', 'entropy': '0.08479', 'clip_ratio/low_mean': '0', 'clip_ratio/high_mean': '0', 'clip_ratio/region_mean': '0', 'clip_ratio/low_min': '0', 'clip_ratio/high_max': '0', 'step_time': '5.228', 'epoch': '0.957'}
96%|█████████▌| 245/256 [21:22<00:57,  5.25s/it]
96%|█████████▌| 246/256 [21:27<00:52,  5.24s/it]
{'loss': '5.579e-05', 'grad_norm': '0.01694', 'learning_rate': '4.297e-07', 'num_tokens': '1.212e+05', 'completions/mean_length': '64', 'completions/min_length': '64', 'completions/max_length': '64', 'completions/clipped_ratio': '1', 'completions/mean_terminated_length': '0', 'completions/min_terminated_length': '0', 'completions/max_terminated_length': '0', 'rewards/reward_func/mean': '0', 'rewards/reward_func/std': '0', 'reward': '0', 'reward_std': '0', 'frac_reward_zero_std': '1', 'kl': '0.001395', 'entropy': '0.2715', 'clip_ratio/low_mean': '0', 'clip_ratio/high_mean': '0', 'clip_ratio/region_mean': '0', 'clip_ratio/low_min': '0', 'clip_ratio/high_max': '0', 'step_time': '5.215', 'epoch': '0.9609'}
96%|█████████▌| 246/256 [21:27<00:52,  5.24s/it]
96%|█████████▋| 247/256 [21:32<00:47,  5.24s/it]
{'loss': '4.217e-05', 'grad_norm': '0.01322', 'learning_rate': '3.906e-07', 'num_tokens': '1.217e+05', 'completions/mean_length': '64', 'completions/min_length': '64', 'completions/max_length': '64', 'completions/clipped_ratio': '1', 'completions/mean_terminated_length': '0', 'completions/min_terminated_length': '0', 'completions/max_terminated_length': '0', 'rewards/reward_func/mean': '0', 'rewards/reward_func/std': '0', 'reward': '0', 'reward_std': '0', 'frac_reward_zero_std': '1', 'kl': '0.001054', 'entropy': '0.2443', 'clip_ratio/low_mean': '0', 'clip_ratio/high_mean': '0', 'clip_ratio/region_mean': '0', 'clip_ratio/low_min': '0', 'clip_ratio/high_max': '0', 'step_time': '5.208', 'epoch': '0.9648'}
96%|█████████▋| 247/256 [21:32<00:47,  5.24s/it]
97%|█████████▋| 248/256 [21:37<00:41,  5.23s/it]
{'loss': '1.622e-05', 'grad_norm': '0.007297', 'learning_rate': '3.516e-07', 'num_tokens': '1.222e+05', 'completions/mean_length': '64', 'completions/min_length': '64', 'completions/max_length': '64', 'completions/clipped_ratio': '1', 'completions/mean_terminated_length': '0', 'completions/min_terminated_length': '0', 'completions/max_terminated_length': '0', 'rewards/reward_func/mean': '0', 'rewards/reward_func/std': '0', 'reward': '0', 'reward_std': '0', 'frac_reward_zero_std': '1', 'kl': '0.0004054', 'entropy': '0.1503', 'clip_ratio/low_mean': '0', 'clip_ratio/high_mean': '0', 'clip_ratio/region_mean': '0', 'clip_ratio/low_min': '0', 'clip_ratio/high_max': '0', 'step_time': '5.208', 'epoch': '0.9688'}
97%|█████████▋| 248/256 [21:37<00:41,  5.23s/it]
97%|█████████▋| 249/256 [21:43<00:37,  5.29s/it]
{'loss': '2.05e-05', 'grad_norm': '0.006819', 'learning_rate': '3.125e-07', 'num_tokens': '1.227e+05', 'completions/mean_length': '64', 'completions/min_length': '64', 'completions/max_length': '64', 'completions/clipped_ratio': '1', 'completions/mean_terminated_length': '0', 'completions/min_terminated_length': '0', 'completions/max_terminated_length': '0', 'rewards/reward_func/mean': '0', 'rewards/reward_func/std': '0', 'reward': '0', 'reward_std': '0', 'frac_reward_zero_std': '1', 'kl': '0.0005124', 'entropy': '0.2014', 'clip_ratio/low_mean': '0', 'clip_ratio/high_mean': '0', 'clip_ratio/region_mean': '0', 'clip_ratio/low_min': '0', 'clip_ratio/high_max': '0', 'step_time': '5.421', 'epoch': '0.9727'}
97%|█████████▋| 249/256 [21:43<00:37,  5.29s/it]
98%|█████████▊| 250/256 [21:48<00:31,  5.28s/it]
98%|█████████▊| 250/256 [21:48<00:31,  5.28s/it]
{'loss': '5.09e-05', 'grad_norm': '0.01755', 'learning_rate': '2.734e-07', 'num_tokens': '1.231e+05', 'completions/mean_length': '64', 'completions/min_length': '64', 'completions/max_length': '64', 'completions/clipped_ratio': '1', 'completions/mean_terminated_length': '0', 'completions/min_terminated_length': '0', 'completions/max_terminated_length': '0', 'rewards/reward_func/mean': '0', 'rewards/reward_func/std': '0', 'reward': '0', 'reward_std': '0', 'frac_reward_zero_std': '1', 'kl': '0.001272', 'entropy': '0.3813', 'clip_ratio/low_mean': '0', 'clip_ratio/high_mean': '0', 'clip_ratio/region_mean': '0', 'clip_ratio/low_min': '0', 'clip_ratio/high_max': '0', 'step_time': '5.226', 'epoch': '0.9766'}
98%|█████████▊| 251/256 [21:53<00:26,  5.28s/it]
{'loss': '1.688e-05', 'grad_norm': '0.006633', 'learning_rate': '2.344e-07', 'num_tokens': '1.236e+05', 'completions/mean_length': '64', 'completions/min_length': '64', 'completions/max_length': '64', 'completions/clipped_ratio': '1', 'completions/mean_terminated_length': '0', 'completions/min_terminated_length': '0', 'completions/max_terminated_length': '0', 'rewards/reward_func/mean': '0', 'rewards/reward_func/std': '0', 'reward': '0', 'reward_std': '0', 'frac_reward_zero_std': '1', 'kl': '0.000422', 'entropy': '0.1401', 'clip_ratio/low_mean': '0', 'clip_ratio/high_mean': '0', 'clip_ratio/region_mean': '0', 'clip_ratio/low_min': '0', 'clip_ratio/high_max': '0', 'step_time': '5.261', 'epoch': '0.9805'}
98%|█████████▊| 251/256 [21:53<00:26,  5.28s/it]
98%|█████████▊| 252/256 [21:59<00:21,  5.27s/it]
{'loss': '5.11e-05', 'grad_norm': '0.02701', 'learning_rate': '1.953e-07', 'num_tokens': '1.242e+05', 'completions/mean_length': '64', 'completions/min_length': '64', 'completions/max_length': '64', 'completions/clipped_ratio': '1', 'completions/mean_terminated_length': '0', 'completions/min_terminated_length': '0', 'completions/max_terminated_length': '0', 'rewards/reward_func/mean': '0', 'rewards/reward_func/std': '0', 'reward': '0', 'reward_std': '0', 'frac_reward_zero_std': '1', 'kl': '0.001277', 'entropy': '0.1644', 'clip_ratio/low_mean': '0', 'clip_ratio/high_mean': '0', 'clip_ratio/region_mean': '0', 'clip_ratio/low_min': '0', 'clip_ratio/high_max': '0', 'step_time': '5.228', 'epoch': '0.9844'}
98%|█████████▊| 252/256 [21:59<00:21,  5.27s/it]
99%|█████████▉| 253/256 [22:04<00:15,  5.26s/it]
{'loss': '5.38e-05', 'grad_norm': '0.01235', 'learning_rate': '1.563e-07', 'num_tokens': '1.246e+05', 'completions/mean_length': '64', 'completions/min_length': '64', 'completions/max_length': '64', 'completions/clipped_ratio': '1', 'completions/mean_terminated_length': '0', 'completions/min_terminated_length': '0', 'completions/max_terminated_length': '0', 'rewards/reward_func/mean': '0', 'rewards/reward_func/std': '0', 'reward': '0', 'reward_std': '0', 'frac_reward_zero_std': '1', 'kl': '0.001345', 'entropy': '0.4601', 'clip_ratio/low_mean': '0', 'clip_ratio/high_mean': '0', 'clip_ratio/region_mean': '0', 'clip_ratio/low_min': '0', 'clip_ratio/high_max': '0', 'step_time': '5.222', 'epoch': '0.9883'}
99%|█████████▉| 253/256 [22:04<00:15,  5.26s/it]
99%|█████████▉| 254/256 [22:09<00:10,  5.25s/it]
{'loss': '1.578e-05', 'grad_norm': '0.008287', 'learning_rate': '1.172e-07', 'num_tokens': '1.251e+05', 'completions/mean_length': '64', 'completions/min_length': '64', 'completions/max_length': '64', 'completions/clipped_ratio': '1', 'completions/mean_terminated_length': '0', 'completions/min_terminated_length': '0', 'completions/max_terminated_length': '0', 'rewards/reward_func/mean': '0', 'rewards/reward_func/std': '0', 'reward': '0', 'reward_std': '0', 'frac_reward_zero_std': '1', 'kl': '0.0003946', 'entropy': '0.1944', 'clip_ratio/low_mean': '0', 'clip_ratio/high_mean': '0', 'clip_ratio/region_mean': '0', 'clip_ratio/low_min': '0', 'clip_ratio/high_max': '0', 'step_time': '5.213', 'epoch': '0.9922'}
99%|█████████▉| 254/256 [22:09<00:10,  5.25s/it]
100%|█████████▉| 255/256 [22:14<00:05,  5.25s/it]
{'loss': '7.529e-05', 'grad_norm': '0.02128', 'learning_rate': '7.813e-08', 'num_tokens': '1.256e+05', 'completions/mean_length': '64', 'completions/min_length': '64', 'completions/max_length': '64', 'completions/clipped_ratio': '1', 'completions/mean_terminated_length': '0', 'completions/min_terminated_length': '0', 'completions/max_terminated_length': '0', 'rewards/reward_func/mean': '0', 'rewards/reward_func/std': '0', 'reward': '0', 'reward_std': '0', 'frac_reward_zero_std': '1', 'kl': '0.001882', 'entropy': '0.4834', 'clip_ratio/low_mean': '0', 'clip_ratio/high_mean': '0', 'clip_ratio/region_mean': '0', 'clip_ratio/low_min': '0', 'clip_ratio/high_max': '0', 'step_time': '5.219', 'epoch': '0.9961'}
100%|█████████▉| 255/256 [22:14<00:05,  5.25s/it]
100%|██████████| 256/256 [22:20<00:00,  5.24s/it]
{'loss': '2.136e-05', 'grad_norm': '0.009735', 'learning_rate': '3.906e-08', 'num_tokens': '1.261e+05', 'completions/mean_length': '64', 'completions/min_length': '64', 'completions/max_length': '64', 'completions/clipped_ratio': '1', 'completions/mean_terminated_length': '0', 'completions/min_terminated_length': '0', 'completions/max_terminated_length': '0', 'rewards/reward_func/mean': '0', 'rewards/reward_func/std': '0', 'reward': '0', 'reward_std': '0', 'frac_reward_zero_std': '1', 'kl': '0.0005339', 'entropy': '0.1651', 'clip_ratio/low_mean': '0', 'clip_ratio/high_mean': '0', 'clip_ratio/region_mean': '0', 'clip_ratio/low_min': '0', 'clip_ratio/high_max': '0', 'step_time': '5.206', 'epoch': '1'}
100%|██████████| 256/256 [22:20<00:00,  5.24s/it]
{'train_runtime': '1341', 'train_samples_per_second': '0.191', 'train_steps_per_second': '0.191', 'train_loss': '5.069e-05', 'epoch': '1'}
100%|██████████| 256/256 [22:20<00:00,  5.24s/it]
100%|██████████| 256/256 [22:20<00:00,  5.24s/it]
RL_DONE
2026-10-02 17:03:21,060 sagemaker-training-toolkit INFO     Waiting for the process to finish and give a return code.
2026-10-02 17:03:21,060 sagemaker-training-toolkit INFO     Done waiting for a return code. Received 0 from exiting process.
2026-10-02 17:03:21,060 sagemaker-training-toolkit INFO     Reporting training SUCCESS
